simbolo,puntas,ultimoPrecio,variacionPorcentual,apertura,maximo,minimo,ultimoCierre,volumen,cantidadOperaciones,fecha,tipoOpcion,precioEjercicio,fechaVencimiento,mercado,moneda,descripcion,plazo,laminaMinima,lote
AAL,"{'cantidadCompra': 10.0, 'precioCompra': 6305.5, 'precioVenta': 6541.5, 'cantidadVenta': 50.0}",6443.0,-1.74,6600.0,6897.5,6350.0,6443.0,1943.0,174.0,2023-12-29T13:43:12.157,,,,1,1,AMERICAN AIRLINES GROUP INC.,T2,1,1
AALD,"{'cantidadCompra': 3.0, 'precioCompra': 6.3, 'precioVenta': 7.1, 'cantidadVenta': 3.0}",6.68,-1.76,6.85,6.85,6.68,6.68,14.0,2.0,2023-12-29T12:20:57.353,,,,1,2,American Airlines Group Inc.,T2,1,1
AAPL,"{'cantidadCompra': 1.0, 'precioCompra': 18151.0, 'precioVenta': 18334.0, 'cantidadVenta': 4.0}",18151.0,-0.48,18400.0,19406.5,17950.0,18151.0,40512.0,2312.0,2023-12-29T13:46:09.153,,,,1,1,Apple,T2,1,1
AAPLC,,17.5,0.0,17.5,17.5,17.5,17.5,0.0,0.0,2023-12-29T03:00:02.043,,,,1,2,Apple,T2,1,1
AAPLD,"{'cantidadCompra': 35.0, 'precioCompra': 19.0, 'precioVenta': 19.1, 'cantidadVenta': 12.0}",19.1,-2.05,19.5,19.75,18.9,19.1,1057.0,168.0,2023-12-29T13:42:50.617,,,,1,2,Apple,T2,1,1
ABBV,"{'cantidadCompra': 5.0, 'precioCompra': 14098.0, 'precioVenta': 14700.0, 'cantidadVenta': 44.0}",14818.0,1.39,14700.0,15065.5,14470.5,14818.0,336.0,22.0,2023-12-29T13:33:17.753,,,,1,1,AbbVie Inc.,T2,1,1
ABBVC,,11.0,0.0,11.0,11.0,11.0,11.0,0.0,0.0,2023-12-29T03:00:21.36,,,,1,2,AbbVie Inc.,T2,1,1
ABBVD,"{'cantidadCompra': 63.0, 'precioCompra': 14.1, 'precioVenta': 16.85, 'cantidadVenta': 30.0}",15.2,-3.18,15.2,15.2,15.2,15.2,40.0,1.0,2023-12-29T13:09:46.49,,,,1,2,Abbvie Inc.,T2,1,1
ABEV,"{'cantidadCompra': 160.0, 'precioCompra': 7894.0, 'precioVenta': 8000.0, 'cantidadVenta': 3.0}",8050.0,0.68,7996.0,8623.5,7868.0,8050.0,271.0,30.0,2023-12-29T13:37:04.913,,,,1,1,Ambev,T2,1,1
ABEVD,"{'cantidadCompra': 1.0, 'precioCompra': 8.25, 'precioVenta': 10.35, 'cantidadVenta': 1.0}",9.9,0.0,9.9,9.9,9.9,9.9,0.0,0.0,2023-12-29T03:00:17.987,,,,1,2,Ambev,T2,1,1
ABNB,"{'cantidadCompra': 1.0, 'precioCompra': 8500.0, 'precioVenta': 9200.0, 'cantidadVenta': 17.0}",8663.5,1.8,8510.0,8925.0,8365.0,8663.5,317.0,74.0,2023-12-29T13:36:53.037,,,,1,1,"Airbnb, Inc.",T2,1,1
ABNBC,,0.0,0.0,0.0,0.0,0.0,0.0,0.0,0.0,2023-12-29T03:00:33.113,,,,1,2,"Airbnb, Inc.",T2,1,1
ABNBD,"{'cantidadCompra': 12.0, 'precioCompra': 8.4, 'precioVenta': 0.0, 'cantidadVenta': 0.0}",9.3,0.0,9.2,9.3,9.2,9.3,0.0,0.0,2023-12-29T03:00:01.38,,,,1,2,"Airbnb, Inc.",T2,1,1
ABT,"{'cantidadCompra': 60.0, 'precioCompra': 26053.5, 'precioVenta': 26288.0, 'cantidadVenta': 1200.0}",26288.0,0.6,26128.0,27735.0,25925.5,26288.0,68.0,32.0,2023-12-29T13:45:57.253,,,,1,1,Abbott Laboratories,T2,1,1
ABTD,"{'cantidadCompra': 5.0, 'precioCompra': 21.8, 'precioVenta': 28.75, 'cantidadVenta': 2.0}",28.9,0.0,28.9,28.9,28.9,28.9,0.0,0.0,2023-12-29T03:00:04.78,,,,1,2,Abbott Laboratories,T2,1,1
ADBE,"{'cantidadCompra': 1900.0, 'precioCompra': 25428.0, 'precioVenta': 25827.5, 'cantidadVenta': 1900.0}",25827.0,1.91,26000.0,26950.5,25432.5,25827.0,565.0,127.0,2023-12-29T13:45:15.257,,,,1,1,Adobe Systems Incorporated,T2,1,1
ADGO,"{'cantidadCompra': 11.0, 'precioCompra': 21100.5, 'precioVenta': 21199.0, 'cantidadVenta': 2100.0}",21180.0,1.01,20935.0,21499.0,20000.0,21180.0,466.0,74.0,2023-12-29T13:37:53.21,,,,1,1,Adecoagro,T2,1,1
ADI,"{'cantidadCompra': 100.0, 'precioCompra': 12487.0, 'precioVenta': 12647.0, 'cantidadVenta': 2700.0}",12570.0,-0.93,12689.0,13100.0,12365.5,12570.0,72.0,14.0,2023-12-29T13:41:30.813,,,,1,1,Analog Devices,T2,1,1
ADP,"{'cantidadCompra': 40.0, 'precioCompra': 36651.0, 'precioVenta': 37012.0, 'cantidadVenta': 900.0}",37000.0,0.87,36951.5,37309.0,36401.0,37000.0,160.0,23.0,2023-12-29T13:38:19.14,,,,1,1,Automatic Data Processing Inc,T2,1,1
ADS,,3980.0,0.0,3980.0,3980.0,3980.0,3980.0,0.0,0.0,2023-12-29T03:00:10.02,,,,1,1,Adidas Ag,T2,1,1
ADSC,,0.0,0.0,0.0,0.0,0.0,0.0,0.0,0.0,2023-12-29T03:00:26.407,,,,1,2,Adidas Ag,T2,1,1
ADSD,,0.0,0.0,0.0,0.0,0.0,0.0,0.0,0.0,2023-12-29T03:00:01.903,,,,1,2,Adidas Ag,T2,1,1
AEM,"{'cantidadCompra': 80.0, 'precioCompra': 17219.5, 'precioVenta': 17418.0, 'cantidadVenta': 1900.0}",17283.0,0.68,17369.0,17500.0,17143.0,17283.0,153.0,11.0,2023-12-29T13:43:01.377,,,,1,1,Agnico Eagle Mines Limited,T2,1,1
AIG,"{'cantidadCompra': 2700.0, 'precioCompra': 12799.5, 'precioVenta': 12957.5, 'cantidadVenta': 2700.0}",13004.0,1.33,12775.0,13004.0,12686.5,13004.0,88.0,8.0,2023-12-29T13:13:46.427,,,,1,1,American International Group,T2,1,1
AKO.B,"{'cantidadCompra': 2.0, 'precioCompra': 12421.0, 'precioVenta': 16500.0, 'cantidadVenta': 6.0}",16500.0,0.0,16500.0,16500.0,16500.0,16500.0,47.0,4.0,2023-12-29T13:35:36.29,,,,1,1,EMBOTELLADORA ANDINA S.A.,T2,1,1
AKOBD,,0.0,0.0,0.0,0.0,0.0,0.0,0.0,0.0,2023-12-29T03:00:10.03,,,,1,2,Embotelladora Andina S.A.,T2,1,1
AMAT,"{'cantidadCompra': 1400.0, 'precioCompra': 30420.0, 'precioVenta': 30550.0, 'cantidadVenta': 134.0}",30406.5,-0.13,30450.0,30591.5,30406.5,30406.5,33.0,6.0,2023-12-29T13:41:50.617,,,,1,1,Applied Materials,T2,1,1
AMD,"{'cantidadCompra': 49.0, 'precioCompra': 13608.0, 'precioVenta': 13900.0, 'cantidadVenta': 37.0}",14128.0,0.74,14100.0,14700.0,13898.5,14128.0,3495.0,415.0,2023-12-29T13:45:39.327,,,,1,1,Advanced Micro Devices,T2,1,1
AMDD,"{'cantidadCompra': 26.0, 'precioCompra': 14.5, 'precioVenta': 14.7, 'cantidadVenta': 12.0}",14.5,-1.02,14.85,15.0,14.5,14.5,244.0,42.0,2023-12-29T13:38:36.177,,,,1,2,Advanced Micro Devices,T2,1,1
AMGN,"{'cantidadCompra': 60.0, 'precioCompra': 27084.0, 'precioVenta': 27394.5, 'cantidadVenta': 2.0}",27380.0,1.62,27570.5,29200.0,26988.5,27380.0,91.0,28.0,2023-12-29T13:46:15.663,,,,1,1,Amgen,T2,1,1
AMX,"{'cantidadCompra': 6.0, 'precioCompra': 10404.0, 'precioVenta': 17578.5, 'cantidadVenta': 2.0}",17578.5,2.47,17491.0,17578.5,17245.5,17578.5,81.0,5.0,2023-12-29T13:09:34.27,,,,1,1,America Movil,T2,1,1
AMXD,"{'cantidadCompra': 0.0, 'precioCompra': 0.0, 'precioVenta': 21.4, 'cantidadVenta': 25.0}",20.4,0.0,20.0,20.4,20.0,20.4,0.0,0.0,2023-12-29T03:00:12.013,,,,1,2,America Movil,T2,1,1
AMZN,"{'cantidadCompra': 668.0, 'precioCompra': 1003.0, 'precioVenta': 1004.5, 'cantidadVenta': 473.0}",1004.5,0.14,1020.0,1045.0,993.0,1004.5,125653.0,3937.0,2023-12-29T13:46:19.307,,,,1,1,Amazon ,T2,1,1
AMZNC,,0.912,0.0,0.912,0.912,0.912,0.912,0.0,0.0,2023-12-28T03:00:20.167,,,,1,2,Amazon ,T2,1,1
AMZND,"{'cantidadCompra': 34.0, 'precioCompra': 1.05, 'precioVenta': 1.06, 'cantidadVenta': 373.0}",1.05,0.96,1.03,1.08,1.03,1.05,10182.0,259.0,2023-12-29T13:41:10.717,,,,1,2,Amazon,T2,1,1
ANF,"{'cantidadCompra': 6.0, 'precioCompra': 65000.0, 'precioVenta': 84888.5, 'cantidadVenta': 60.0}",83934.5,3.99,83934.5,83934.5,83934.5,83934.5,4.0,2.0,2023-12-29T12:39:26.3,,,,1,1,Abercrombie & Fitch Co.,T2,1,1
ANFC,,0.0,0.0,0.0,0.0,0.0,0.0,0.0,0.0,2023-12-29T03:00:20.473,,,,1,2,Abercrombie & Fitch Co.,T2,1,1
ANFD,,0.0,0.0,0.0,0.0,0.0,0.0,0.0,0.0,2023-12-29T03:00:02.95,,,,1,2,Abercrombie & Fitch Co.,T2,1,1
AOCA,"{'cantidadCompra': 1.0, 'precioCompra': 41000.0, 'precioVenta': 43700.0, 'cantidadVenta': 2.0}",43790.0,-0.02,43810.0,43810.0,43000.0,43790.0,8.0,6.0,2023-12-29T12:56:12.85,,,,1,1,Aluminum Corporation Of China Limited,T2,1,1
AOCAD,"{'cantidadCompra': 2.0, 'precioCompra': 23.2, 'precioVenta': 0.0, 'cantidadVenta': 0.0}",23.1,0.0,23.1,23.1,23.1,23.1,0.0,0.0,2023-12-29T03:00:22.863,,,,1,2,Aluminum Corporation Of China Limited,T2,1,1
ARCO,"{'cantidadCompra': 80.0, 'precioCompra': 24009.5, 'precioVenta': 24253.5, 'cantidadVenta': 2000.0}",23962.5,-1.38,24350.0,25995.0,23691.0,23962.5,257.0,30.0,2023-12-29T13:44:20.723,,,,1,1,Arcos Dorados Holdings,T2,1,1
ARKK,"{'cantidadCompra': 89.0, 'precioCompra': 5000.0, 'precioVenta': 5015.5, 'cantidadVenta': 27300.0}",5014.5,-1.63,5135.0,5455.5,4939.0,5014.5,17133.0,399.0,2023-12-29T13:45:39.58,,,,1,1,Etf Ark Innovation,T2,1,1
ARKKD,"{'cantidadCompra': 9.0, 'precioCompra': 5.16, 'precioVenta': 5.27, 'cantidadVenta': 65.0}",5.27,2.72,5.25,5.5,5.25,5.27,440.0,26.0,2023-12-29T13:44:16.137,,,,1,2,Etf Ark Innovation,T2,1,1
ASR,"{'cantidadCompra': 100.0, 'precioCompra': 13829.0, 'precioVenta': 14085.0, 'cantidadVenta': 100.0}",13500.0,0.0,13500.0,13500.0,13500.0,13500.0,0.0,0.0,2023-12-29T03:00:02.56,,,,1,1,Grupo Aeroportuario Del Sureste Sab De Cv,T2,1,1
AUY,,2222.0,0.0,2328.0,2500.0,2220.0,2222.0,0.0,0.0,2023-12-29T03:00:02.627,,,,1,1,Yamana Gold Inc.,T2,1,1
AVGO,"{'cantidadCompra': 126.0, 'precioCompra': 27300.0, 'precioVenta': 27415.0, 'cantidadVenta': 2200.0}",27358.0,1.71,26900.0,28245.5,26900.0,27358.0,377.0,59.0,2023-12-29T13:42:32.643,,,,1,1,Broadcom Inc.,T2,1,1
AVGOC,,0.0,0.0,0.0,0.0,0.0,0.0,0.0,0.0,2023-12-29T03:00:00.79,,,,1,2,Broadcom Inc.,T2,1,1
AVGOD,"{'cantidadCompra': 3.0, 'precioCompra': 26.3, 'precioVenta': 28.2, 'cantidadVenta': 1.0}",28.5,6.34,28.5,28.5,28.5,28.5,2.0,1.0,2023-12-29T12:59:08.733,,,,1,2,Broadcom Inc.,T2,1,1
AVY,"{'cantidadCompra': 140.0, 'precioCompra': 10590.5, 'precioVenta': 10720.0, 'cantidadVenta': 1.0}",10664.5,1.02,10574.0,10664.5,10574.0,10664.5,8.0,2.0,2023-12-29T12:30:55.807,,,,1,1,Avery Dennison,T2,1,1
AXP,"{'cantidadCompra': 120.0, 'precioCompra': 11825.5, 'precioVenta': 11912.0, 'cantidadVenta': 2700.0}",11819.5,0.36,11798.5,12367.0,11365.0,11819.5,1870.0,125.0,2023-12-29T13:42:39.157,,,,1,1,American Express,T2,1,1
AXPD,"{'cantidadCompra': 7.0, 'precioCompra': 11.2, 'precioVenta': 12.4, 'cantidadVenta': 2.0}",12.5,0.0,12.7,12.75,12.5,12.5,0.0,0.0,2023-12-29T03:00:05.863,,,,1,2,American Express,T2,1,1
AZN,"{'cantidadCompra': 1000.0, 'precioCompra': 31683.0, 'precioVenta': 32036.0, 'cantidadVenta': 1000.0}",31680.0,-0.45,31904.5,31904.5,31680.0,31680.0,17.0,6.0,2023-12-29T13:29:39.333,,,,1,1,Astrazeneca,T2,1,1
AZND,"{'cantidadCompra': 5.0, 'precioCompra': 29.0, 'precioVenta': 35.9, 'cantidadVenta': 7.0}",29.2,0.0,29.5,29.5,29.05,29.2,0.0,0.0,2023-12-29T03:00:17.9,,,,1,2,Astrazeneca,T2,1,1
BA,"{'cantidadCompra': 40.0, 'precioCompra': 40934.0, 'precioVenta': 41431.0, 'cantidadVenta': 40.0}",41425.5,1.14,40958.0,43569.5,40873.5,41425.5,139.0,27.0,2023-12-29T13:35:51.537,,,,1,1,Boeing,T2,1,1
BA.C,"{'cantidadCompra': 100.0, 'precioCompra': 15955.0, 'precioVenta': 16069.5, 'cantidadVenta': 1.0}",16070.0,0.45,15996.5,16999.0,15749.5,16070.0,1616.0,171.0,2023-12-29T13:44:22.127,,,,1,1,Bank of America,T2,1,1
BA.CD,"{'cantidadCompra': 10.0, 'precioCompra': 16.2, 'precioVenta': 17.0, 'cantidadVenta': 143.0}",17.0,0.59,16.9,17.0,16.9,17.0,138.0,12.0,2023-12-29T13:33:36.19,,,,1,2,Bank of America,T2,1,1
BABA,"{'cantidadCompra': 91.0, 'precioCompra': 8160.0, 'precioVenta': 8166.0, 'cantidadVenta': 2800.0}",8166.0,0.6,8400.0,8497.0,8000.0,8166.0,27861.0,714.0,2023-12-29T13:46:10.01,,,,1,1,Alibaba Group,T2,1,1
BABAC,,13.4,0.0,13.4,13.4,13.4,13.4,0.0,0.0,2023-12-27T03:00:06.163,,,,1,2,Alibaba Group,T2,1,1
BABAD,"{'cantidadCompra': 4.0, 'precioCompra': 8.5, 'precioVenta': 8.7, 'cantidadVenta': 1.0}",8.7,2.11,8.55,8.85,8.5,8.7,1489.0,65.0,2023-12-29T13:46:05.203,,,,1,2,Alibaba Group,T2,1,1
BAD,"{'cantidadCompra': 1.0, 'precioCompra': 39.0, 'precioVenta': 44.3, 'cantidadVenta': 15.0}",44.3,3.02,43.5,44.5,43.5,44.3,4.0,3.0,2023-12-29T13:29:48.76,,,,1,2,Boeing,T2,1,1
BAK,,0.0,0.0,0.0,0.0,0.0,0.0,0.0,0.0,2023-12-29T03:00:14.653,,,,1,1,Cedear Braskem Sa,T2,1,1
BAYN,,0.0,0.0,0.0,0.0,0.0,0.0,0.0,0.0,2023-12-29T03:00:03.383,,,,1,1,Bayer,T2,1,1
BB,"{'cantidadCompra': 36.0, 'precioCompra': 1130.0, 'precioVenta': 1138.0, 'cantidadVenta': 339.0}",1130.0,1.8,1150.0,1150.0,1119.5,1130.0,754.0,35.0,2023-12-29T13:41:03.217,,,,1,1,Blackberry,T2,1,1
BBD,"{'cantidadCompra': 480.0, 'precioCompra': 3309.5, 'precioVenta': 3356.0, 'cantidadVenta': 13200.0}",3346.5,1.02,3445.0,3450.0,3258.5,3346.5,13444.0,269.0,2023-12-29T13:44:48.19,,,,1,1,Banco Bradesco S.A.,T2,1,1
BBDC,,4.52,0.0,4.52,4.52,4.52,4.52,0.0,0.0,2023-12-29T03:00:06.457,,,,1,2,Banco Bradesco S.A.,T2,1,1
BBDD,"{'cantidadCompra': 100.0, 'precioCompra': 3.4, 'precioVenta': 3.53, 'cantidadVenta': 264.0}",3.53,0.85,3.5,3.53,3.44,3.53,24.0,11.0,2023-12-29T12:42:59.597,,,,1,2,Banco Bradesco S.A.,T2,1,1
BBV,"{'cantidadCompra': 11.0, 'precioCompra': 8560.0, 'precioVenta': 8506.0, 'cantidadVenta': 217.0}",8534.5,0.32,8930.0,8930.0,8527.0,8534.5,48.0,8.0,2023-12-29T13:41:01.313,,,,1,1,Banco Bilbao Vizcaya Argentaria,T2,1,1
BBVD,,9.05,0.0,9.05,9.05,9.05,9.05,0.0,0.0,2023-12-29T03:00:00.69,,,,1,2,CEDEAR BBV SA,T2,1,1
BCS,"{'cantidadCompra': 200.0, 'precioCompra': 7411.5, 'precioVenta': 7557.0, 'cantidadVenta': 200.0}",7395.0,0.92,7475.0,7475.0,7322.5,7395.0,163.0,6.0,2023-12-29T13:22:20.703,,,,1,1,Barclays,T2,1,1
BHP,"{'cantidadCompra': 40.0, 'precioCompra': 32183.5, 'precioVenta': 32560.0, 'cantidadVenta': 1000.0}",32271.5,-0.25,32760.0,32791.0,32100.0,32271.5,180.0,9.0,2023-12-29T12:50:46.34,,,,1,1,BHP Billiton Ltd.,T2,1,1
BIDU,"{'cantidadCompra': 2.0, 'precioCompra': 9988.0, 'precioVenta': 10400.0, 'cantidadVenta': 15.0}",10323.0,2.9,10130.0,10564.0,10032.0,10323.0,1148.0,168.0,2023-12-29T13:41:11.307,,,,1,1,Baidu,T2,1,1
BIDUD,"{'cantidadCompra': 2.0, 'precioCompra': 10.25, 'precioVenta': 10.95, 'cantidadVenta': 18.0}",11.0,11.67,10.3,11.0,10.3,11.0,27.0,8.0,2023-12-29T12:20:57.413,,,,1,2,Baidu,T2,1,1
BIIB,"{'cantidadCompra': 60.0, 'precioCompra': 18791.5, 'precioVenta': 18981.5, 'cantidadVenta': 1500.0}",18791.0,-0.29,19781.0,19781.0,18790.5,18791.0,57.0,15.0,2023-12-29T13:37:28.21,,,,1,1,Biogen Inc.,T2,1,1
BIOX,"{'cantidadCompra': 60.0, 'precioCompra': 25889.0, 'precioVenta': 26200.0, 'cantidadVenta': 26.0}",25888.5,-0.18,25001.0,27644.5,25001.0,25888.5,510.0,89.0,2023-12-29T13:43:15.947,,,,1,1,Bioceres Crop Solutions Corp.,T2,1,1
BIOXC,,0.0,0.0,0.0,0.0,0.0,0.0,0.0,0.0,2023-12-29T03:00:14.227,,,,1,2,Bioceres Crop Solutions Corp,T2,1,1
BIOXD,"{'cantidadCompra': 19.0, 'precioCompra': 25.9, 'precioVenta': 27.55, 'cantidadVenta': 35.0}",27.5,6.17,27.15,27.5,27.15,27.5,8.0,3.0,2023-12-29T12:41:13.657,,,,1,2,Bioceres Crop Solutions Corp,T2,1,1
BITF,"{'cantidadCompra': 3.0, 'precioCompra': 14181.0, 'precioVenta': 14499.5, 'cantidadVenta': 340.0}",14513.5,-7.06,15780.0,17299.0,13968.5,14513.5,8197.0,536.0,2023-12-29T13:45:56.087,,,,1,1,Bitfarms Ltd.,T2,1,1
BITFC,,0.0,0.0,0.0,0.0,0.0,0.0,0.0,0.0,2023-12-27T03:00:03.59,,,,1,2,Bitfarms Ltd.,T2,1,1
BITFD,"{'cantidadCompra': 60.0, 'precioCompra': 14.5, 'precioVenta': 18.0, 'cantidadVenta': 10.0}",18.2,8.98,17.0,18.2,17.0,18.2,52.0,5.0,2023-12-29T13:14:25.027,,,,1,2,Bitfarms Ltd.,T2,1,1
BK,"{'cantidadCompra': 1300.0, 'precioCompra': 24434.5, 'precioVenta': 24922.5, 'cantidadVenta': 60.0}",24378.5,1.01,24378.5,24378.5,24378.5,24378.5,10.0,1.0,2023-12-29T13:01:55.19,,,,1,1,Bank of New York Mellon,T2,1,1
BMY,"{'cantidadCompra': 2.0, 'precioCompra': 16050.0, 'precioVenta': 16100.0, 'cantidadVenta': 2.0}",16100.0,0.3,16052.0,16590.0,15407.0,16100.0,87.0,29.0,2023-12-29T13:45:42.533,,,,1,1,Bristol-Myers Squibb Co,T2,1,1
BMYC,,0.0,0.0,0.0,0.0,0.0,0.0,0.0,0.0,2023-12-29T03:00:00.94,,,,1,2,Bristol-Myers Squibb Co,T2,1,1
BMYD,"{'cantidadCompra': 2.0, 'precioCompra': 16.7, 'precioVenta': 21.0, 'cantidadVenta': 10.0}",18.1,0.0,18.1,18.1,18.1,18.1,0.0,0.0,2023-12-29T03:00:19.007,,,,1,2,Bristol-Myers Squibb Co,T2,1,1
BNG,"{'cantidadCompra': 25.0, 'precioCompra': 19100.0, 'precioVenta': 19203.5, 'cantidadVenta': 1700.0}",19232.5,0.8,19580.5,19580.5,18929.5,19232.5,119.0,8.0,2023-12-29T13:28:55.447,,,,1,1,Bunge Limited,T2,1,1
BP,"{'cantidadCompra': 2.0, 'precioCompra': 6210.0, 'precioVenta': 6600.0, 'cantidadVenta': 1.0}",6750.0,2.32,6600.0,7019.0,6600.0,6750.0,449.0,48.0,2023-12-29T13:44:03.517,,,,1,1,BP,T2,1,1
BPD,"{'cantidadCompra': 2.0, 'precioCompra': 7.0, 'precioVenta': 7.35, 'cantidadVenta': 1.0}",7.35,0.0,7.35,7.35,7.35,7.35,0.0,0.0,2023-12-29T03:00:12.55,,,,1,2,BP,T2,1,1
BRFS,"{'cantidadCompra': 350.0, 'precioCompra': 7826.5, 'precioVenta': 7942.0, 'cantidadVenta': 8500.0}",7791.0,-3.4,8092.0,8100.0,7791.0,7791.0,63.0,10.0,2023-12-29T13:05:55.893,,,,1,1,BRF S.A.,T2,1,1
BRKB,"{'cantidadCompra': 4.0, 'precioCompra': 15325.0, 'precioVenta': 15340.0, 'cantidadVenta': 209.0}",15323.0,-0.25,15799.0,15800.0,15093.0,15323.0,4930.0,544.0,2023-12-29T13:44:59.597,,,,1,1,Berkshire Hathaway,T2,1,1
BRKBC,,14.45,0.0,14.45,14.45,14.45,14.45,0.0,0.0,2023-12-29T03:00:23.397,,,,1,2,Berkshire Hathaway,T2,1,1
BRKBD,"{'cantidadCompra': 13.0, 'precioCompra': 15.85, 'precioVenta': 16.3, 'cantidadVenta': 31.0}",16.3,0.61,16.25,16.4,15.85,16.3,304.0,30.0,2023-12-29T13:34:18.5,,,,1,2,Berkshire Hathaway,T2,1,1
BSBR,"{'cantidadCompra': 5900.0, 'precioCompra': 6195.0, 'precioVenta': 6303.0, 'cantidadVenta': 5900.0}",6148.5,-1.48,6220.5,6500.0,6115.0,6148.5,118.0,20.0,2023-12-29T13:17:37.257,,,,1,1,Banco Santander (Brasil),T2,1,1
C,"{'cantidadCompra': 2000.0, 'precioCompra': 16142.0, 'precioVenta': 16329.0, 'cantidadVenta': 2000.0}",16144.5,0.26,16102.0,17100.0,16060.0,16144.5,667.0,165.0,2023-12-29T13:44:33.55,,,,1,1,Citigroup,T2,1,1
C.D,"{'cantidadCompra': 26.0, 'precioCompra': 16.5, 'precioVenta': 17.05, 'cantidadVenta': 3.0}",17.2,1.17,17.0,17.25,16.4,17.2,103.0,9.0,2023-12-29T13:09:13.927,,,,1,2,Citigroup,T2,1,1
CAAP,"{'cantidadCompra': 40.0, 'precioCompra': 60721.5, 'precioVenta': 61531.0, 'cantidadVenta': 900.0}",60608.0,0.01,60620.0,60620.0,59966.5,60608.0,5.0,3.0,2023-12-29T13:27:25.463,,,,1,1,Corporación América Airports S.A.,T2,1,1
CAAPC,,0.0,0.0,0.0,0.0,0.0,0.0,0.0,0.0,2023-12-28T03:00:19.283,,,,1,2,Corporación América Airports S.A.,T2,1,1
CAAPD,,61.0,0.0,61.0,61.0,61.0,61.0,0.0,0.0,2023-12-29T03:00:00.903,,,,1,2,Corporación América Airports S.A.,T2,1,1
CAH,"{'cantidadCompra': 60.0, 'precioCompra': 31862.5, 'precioVenta': 32418.5, 'cantidadVenta': 60.0}",32419.0,8.62,31300.0,32420.0,31300.0,32419.0,44.0,10.0,2023-12-29T13:43:02.957,,,,1,1,Cardinal Health,T2,1,1
CAHD,,17.6,0.0,17.6,17.6,17.6,17.6,0.0,0.0,2023-12-29T03:00:02.483,,,,1,2,Cardinal Health,T2,1,1
CAR,"{'cantidadCompra': 180.0, 'precioCompra': 6344.0, 'precioVenta': 6448.0, 'cantidadVenta': 180.0}",6475.0,1.17,6500.0,6661.0,6259.5,6475.0,49.0,9.0,2023-12-29T13:19:11.79,,,,1,1,Avis Budget Group Inc.,T2,1,1
CAT,"{'cantidadCompra': 37.0, 'precioCompra': 13010.0, 'precioVenta': 13900.0, 'cantidadVenta': 1.0}",13893.5,-0.35,14350.0,15051.5,13708.0,13893.5,2139.0,163.0,2023-12-29T13:44:09.313,,,,1,1,Caterpillar,T2,1,1
CATD,"{'cantidadCompra': 34.0, 'precioCompra': 13.8, 'precioVenta': 15.4, 'cantidadVenta': 50.0}",13.8,-1.42,14.0,14.0,13.75,13.8,6.0,4.0,2023-12-29T12:20:57.44,,,,1,2,Caterpillar,T2,1,1
CBRD,"{'cantidadCompra': 1059.0, 'precioCompra': 723.0, 'precioVenta': 725.0, 'cantidadVenta': 253.0}",723.0,2.19,700.0,769.5,700.0,723.0,1031.0,25.0,2023-12-29T13:41:57.323,,,,1,1,Cia Brasileira De Distribucion,T2,1,1
CBRDC,,0.0,0.0,0.0,0.0,0.0,0.0,0.0,0.0,2023-12-29T03:01:18.597,,,,1,2,Cia Brasileira De Distribucion,T2,1,1
CBRDD,,0.0,0.0,0.0,0.0,0.0,0.0,0.0,0.0,2023-12-29T03:00:05.723,,,,1,2,Cia Brasileira De Distribucion,T2,1,1
CDE,"{'cantidadCompra': 1.0, 'precioCompra': 3093.0, 'precioVenta': 3095.0, 'cantidadVenta': 1.0}",3095.0,-1.74,3150.0,3215.5,3028.0,3095.0,472.0,18.0,2023-12-29T13:28:29.577,,,,1,1,Coeur Mining,T2,1,1
CL,"{'cantidadCompra': 60.0, 'precioCompra': 25104.5, 'precioVenta': 25393.0, 'cantidadVenta': 1400.0}",24978.0,0.76,24789.0,25170.5,24789.0,24978.0,98.0,4.0,2023-12-29T12:20:57.45,,,,1,1,Colgate-Palmolive,T2,1,1
COIN,"{'cantidadCompra': 10.0, 'precioCompra': 6090.0, 'precioVenta': 6130.0, 'cantidadVenta': 31.0}",6130.0,-4.96,6500.0,7000.0,5993.5,6130.0,22036.0,666.0,2023-12-29T13:45:28.877,,,,1,1,COINBASE GLOBAL INC.,T2,1,1
COIND,"{'cantidadCompra': 1.0, 'precioCompra': 5.55, 'precioVenta': 7.84, 'cantidadVenta': 491.0}",7.6,5.7,7.54,7.91,7.54,7.6,550.0,13.0,2023-12-29T12:44:06.487,,,,1,2,Coinbase Global Inc.,T2,1,1
COST,"{'cantidadCompra': 120.0, 'precioCompra': 12988.5, 'precioVenta': 13103.5, 'cantidadVenta': 120.0}",13002.5,0.79,12900.0,13440.0,12828.0,13002.5,1253.0,104.0,2023-12-29T13:28:59.123,,,,1,1,Costco Wholesale,T2,1,1
CRM,"{'cantidadCompra': 4.0, 'precioCompra': 13700.0, 'precioVenta': 14000.0, 'cantidadVenta': 1.0}",13979.5,0.05,13975.0,14551.5,13646.5,13979.5,441.0,87.0,2023-12-29T13:37:57.057,,,,1,1,Salesforce.com Inc.,T2,1,1
CS,,433.0,0.0,437.0,437.0,421.5,433.0,0.0,0.0,2023-12-29T03:00:23.843,,,,1,1,Credit Suisse Group,T2,1,1
CSCO,"{'cantidadCompra': 4.0, 'precioCompra': 9571.0, 'precioVenta': 9580.0, 'cantidadVenta': 22.0}",9580.0,0.7,9527.5,9997.0,9396.5,9580.0,987.0,118.0,2023-12-29T13:45:23.38,,,,1,1,Cisco Systems,T2,1,1
CSCOD,"{'cantidadCompra': 5.0, 'precioCompra': 9.4, 'precioVenta': 10.8, 'cantidadVenta': 25.0}",9.99,0.0,10.0,10.2,9.99,9.99,77.0,7.0,2023-12-29T13:28:50.59,,,,1,2,Cisco Systems,T2,1,1
CVX,"{'cantidadCompra': 1500.0, 'precioCompra': 17611.0, 'precioVenta': 17814.0, 'cantidadVenta': 1500.0}",17814.0,1.07,17750.0,18489.0,17325.5,17814.0,1109.0,213.0,2023-12-29T13:46:19.18,,,,1,1,Chevron,T2,1,1
CVXD,"{'cantidadCompra': 30.0, 'precioCompra': 17.1, 'precioVenta': 18.6, 'cantidadVenta': 13.0}",18.7,0.0,18.0,18.9,18.0,18.7,0.0,0.0,2023-12-29T03:00:27.247,,,,1,2,Chevron,T2,1,1
CX,"{'cantidadCompra': 250.0, 'precioCompra': 7371.0, 'precioVenta': 7501.0, 'cantidadVenta': 250.0}",7400.5,1.48,7400.0,7465.5,7400.0,7400.5,556.0,5.0,2023-12-29T13:16:21.307,,,,1,1,Cemex,T2,1,1
DD,"{'cantidadCompra': 2200.0, 'precioCompra': 14441.5, 'precioVenta': 14547.5, 'cantidadVenta': 3.0}",14400.5,2.37,14350.0,14499.0,14330.5,14400.5,8.0,7.0,2023-12-29T13:06:55.917,,,,1,1,Dupont Corporation,T2,1,1
DE,"{'cantidadCompra': 1.0, 'precioCompra': 9455.0, 'precioVenta': 9532.0, 'cantidadVenta': 3100.0}",9537.0,0.96,9600.0,9892.5,9256.5,9537.0,573.0,84.0,2023-12-29T13:35:51.057,,,,1,1,Deere,T2,1,1
DEC,,0.0,0.0,0.0,0.0,0.0,0.0,0.0,0.0,2023-12-29T03:00:12.493,,,,1,2,Deere,T2,1,1
DED,"{'cantidadCompra': 2.0, 'precioCompra': 9.0, 'precioVenta': 9.9, 'cantidadVenta': 10.0}",9.95,0.0,10.0,10.0,9.95,9.95,0.0,0.0,2023-12-29T03:00:03.967,,,,1,2,Deere,T2,1,1
DEO,"{'cantidadCompra': 4.0, 'precioCompra': 23215.0, 'precioVenta': 23228.0, 'cantidadVenta': 1200.0}",23228.0,1.49,23825.0,24281.0,22880.0,23228.0,954.0,162.0,2023-12-29T13:46:09.25,,,,1,1,CEDEAR DIAGEO PL,T2,1,1
DESP,"{'cantidadCompra': 4900.0, 'precioCompra': 8999.5, 'precioVenta': 9130.0, 'cantidadVenta': 4946.0}",9008.5,3.27,8870.0,9365.5,8870.0,9008.5,894.0,140.0,2023-12-29T13:43:02.973,,,,1,1,Despegar,T2,1,1
DESPD,"{'cantidadCompra': 3.0, 'precioCompra': 8.82, 'precioVenta': 9.5, 'cantidadVenta': 17.0}",9.5,0.1,9.4,9.5,9.4,9.5,4.0,4.0,2023-12-29T13:14:38.617,,,,1,2,Despegar,T2,1,1
DIA,"{'cantidadCompra': 46.0, 'precioCompra': 17941.0, 'precioVenta': 17987.5, 'cantidadVenta': 6500.0}",17970.0,1.4,18000.0,18600.0,17642.5,17970.0,11143.0,888.0,2023-12-29T13:46:09.517,,,,1,1,Etf Spdr Dow Jones Industrial,T2,1,1
DIAD,"{'cantidadCompra': 111.0, 'precioCompra': 18.4, 'precioVenta': 18.65, 'cantidadVenta': 8.0}",18.6,0.26,18.7,18.8,18.2,18.6,447.0,55.0,2023-12-29T13:46:06.207,,,,1,2,Etf Spdr Dow Jones Industrial,T2,1,1
DISN,"{'cantidadCompra': 63.0, 'precioCompra': 7100.0, 'precioVenta': 7114.0, 'cantidadVenta': 291.0}",7114.0,0.11,7107.0,7335.0,7055.0,7114.0,9356.0,597.0,2023-12-29T13:46:16.633,,,,1,1,The Walt Disney Company,T2,1,1
DISND,"{'cantidadCompra': 8.0, 'precioCompra': 7.51, 'precioVenta': 7.74, 'cantidadVenta': 21.0}",7.57,-1.3,7.79,7.79,7.56,7.57,264.0,38.0,2023-12-29T13:40:03.047,,,,1,2,The Walt Disney Company,T2,1,1
DOCU,"{'cantidadCompra': 11700.0, 'precioCompra': 2544.5, 'precioVenta': 2579.0, 'cantidadVenta': 239.0}",2579.0,1.99,2550.0,2740.0,2472.0,2579.0,1771.0,14.0,2023-12-29T13:20:26.727,,,,1,1,DocuSign Inc.,T2,1,1
DOCUC,,0.0,0.0,0.0,0.0,0.0,0.0,0.0,0.0,2023-12-29T03:00:14.327,,,,1,2,Docusign Inc,T2,1,1
DOCUD,"{'cantidadCompra': 93.0, 'precioCompra': 2.37, 'precioVenta': 0.0, 'cantidadVenta': 0.0}",2.85,0.0,2.84,2.85,2.84,2.85,0.0,0.0,2023-12-29T03:00:17.853,,,,1,2,Docusign Inc,T2,1,1
DOW,"{'cantidadCompra': 3300.0, 'precioCompra': 8620.0, 'precioVenta': 8726.5, 'cantidadVenta': 3300.0}",8731.5,0.32,8703.0,8972.5,8409.5,8731.5,618.0,29.0,2023-12-29T13:28:13.327,,,,1,1,Dow Inc.,T2,1,1
DOWD,"{'cantidadCompra': 10.0, 'precioCompra': 7.1, 'precioVenta': 9.8, 'cantidadVenta': 12.0}",8.9,0.0,9.0,9.0,8.9,8.9,0.0,0.0,2023-12-29T03:00:23.273,,,,1,2,Dow Inc.,T2,1,1
E,"{'cantidadCompra': 200.0, 'precioCompra': 7988.5, 'precioVenta': 8107.0, 'cantidadVenta': 4100.0}",7987.5,-0.86,8087.5,8117.0,7987.5,7987.5,34.0,3.0,2023-12-29T13:23:13.133,,,,1,1,ENI Spa,T2,1,1
EA,"{'cantidadCompra': 160.0, 'precioCompra': 9201.5, 'precioVenta': 9327.0, 'cantidadVenta': 160.0}",9198.0,0.82,9126.0,9556.5,9050.0,9198.0,181.0,31.0,2023-12-29T13:32:42.467,,,,1,1,ELECTRONIC ARTS INC.,T2,1,1
EAC,,0.0,0.0,0.0,0.0,0.0,0.0,0.0,0.0,2023-12-29T03:00:17.807,,,,1,2,Electronic Arts Inc.,T2,1,1
EAD,"{'cantidadCompra': 2.0, 'precioCompra': 8.5, 'precioVenta': 12.0, 'cantidadVenta': 123.0}",9.34,0.0,9.34,9.34,9.34,9.34,0.0,0.0,2023-12-29T03:00:00.933,,,,1,2,Electronic Arts Inc.,T2,1,1
EBAY,"{'cantidadCompra': 1400.0, 'precioCompra': 20538.0, 'precioVenta': 20778.0, 'cantidadVenta': 1400.0}",20509.5,-0.19,20731.0,21434.0,20358.0,20509.5,53.0,16.0,2023-12-29T13:34:56.907,,,,1,1,eBay,T2,1,1
EBAYD,"{'cantidadCompra': 20.0, 'precioCompra': 19.0, 'precioVenta': 22.45, 'cantidadVenta': 29.0}",21.95,0.0,22.0,22.0,21.0,21.95,0.0,0.0,2023-12-29T03:00:05.397,,,,1,2,eBay,T2,1,1
EBR,"{'cantidadCompra': 60.0, 'precioCompra': 32407.0, 'precioVenta': 32831.0, 'cantidadVenta': 1200.0}",33453.0,3.31,33580.0,33580.0,33453.0,33453.0,5.0,5.0,2023-12-29T12:20:57.477,,,,1,1,Centrais Elétricas Brasileiras S.A. - Eletrobrás,T2,1,1
EEM,"{'cantidadCompra': 29.0, 'precioCompra': 7601.0, 'precioVenta': 7709.0, 'cantidadVenta': 180.0}",7708.0,1.31,7750.0,8298.0,7522.5,7708.0,21817.0,261.0,2023-12-29T13:41:34.307,,,,1,1,Etf Ishares Msci Emerging Market,T2,1,1
EEMD,"{'cantidadCompra': 120.0, 'precioCompra': 7.51, 'precioVenta': 8.2, 'cantidadVenta': 9.0}",8.4,12.6,7.5,8.4,7.5,8.4,7.0,4.0,2023-12-29T12:59:38.683,,,,1,2,Etf Ishares Msci Emerging Market,T2,1,1
EFX,"{'cantidadCompra': 100.0, 'precioCompra': 14599.5, 'precioVenta': 14775.0, 'cantidadVenta': 2500.0}",14599.0,0.0,15000.0,15000.0,14599.0,14599.0,5.0,2.0,2023-12-29T13:41:17.717,,,,1,1,Equifax Inc.,T2,1,1
EFXC,,0.0,0.0,0.0,0.0,0.0,0.0,0.0,0.0,2023-12-29T03:00:01.427,,,,1,2,Equifax Inc.,T2,1,1
EFXD,,11.4,0.0,11.4,11.4,11.4,11.4,0.0,0.0,2023-12-27T02:59:59.83,,,,1,2,Equifax Inc.,T2,1,1
ERIC,"{'cantidadCompra': 11400.0, 'precioCompra': 2936.5, 'precioVenta': 2975.0, 'cantidadVenta': 52.0}",2975.0,-0.56,3000.0,3051.0,2891.0,2975.0,150.0,44.0,2023-12-29T13:43:55.163,,,,1,1,LM Ericsson Telephone,T2,1,1
ERJ,"{'cantidadCompra': 5.0, 'precioCompra': 16249.0, 'precioVenta': 17600.0, 'cantidadVenta': 162.0}",17600.0,-0.17,17633.0,17633.0,16616.0,17600.0,64.0,13.0,2023-12-29T12:43:52.453,,,,1,1,Embraer S.A.,T2,1,1
ERJD,"{'cantidadCompra': 20.0, 'precioCompra': 16.6, 'precioVenta': 19.4, 'cantidadVenta': 30.0}",19.5,2.63,19.6,19.6,19.5,19.5,0.0,2.0,2023-12-27T17:00:02.237,,,,1,2,Embraer S.A.,T2,1,1
ETSY,"{'cantidadCompra': 300.0, 'precioCompra': 4800.5, 'precioVenta': 4851.5, 'cantidadVenta': 4000.0}",4854.0,0.91,4900.0,5000.0,4758.0,4854.0,68.0,28.0,2023-12-29T13:44:38.193,,,,1,1,Etsy Inc.,T2,1,1
ETSYC,,0.0,0.0,0.0,0.0,0.0,0.0,0.0,0.0,2023-12-29T03:00:00.643,,,,1,2,Etsy Inc,T2,1,1
ETSYD,"{'cantidadCompra': 2.0, 'precioCompra': 4.9, 'precioVenta': 5.49, 'cantidadVenta': 120.0}",5.58,0.0,5.5,5.6,5.5,5.58,0.0,0.0,2023-12-29T03:00:03.383,,,,1,2,Etsy Inc,T2,1,1
EWZ,"{'cantidadCompra': 1.0, 'precioCompra': 16500.0, 'precioVenta': 16750.0, 'cantidadVenta': 30.0}",16661.0,0.43,16800.0,17990.0,16344.0,16661.0,14472.0,387.0,2023-12-29T13:44:40.723,,,,1,1,Etf Ishares Msci Brazil,T2,1,1
EWZD,"{'cantidadCompra': 5.0, 'precioCompra': 17.5, 'precioVenta': 18.25, 'cantidadVenta': 58.0}",18.25,0.0,18.7,18.7,17.5,18.25,192.0,13.0,2023-12-29T13:46:21.177,,,,1,2,Etf Ishares Msci Brazil,T2,1,1
F,"{'cantidadCompra': 130.0, 'precioCompra': 11585.0, 'precioVenta': 11740.0, 'cantidadVenta': 130.0}",11599.5,0.35,11560.0,12300.0,11450.0,11599.5,1071.0,78.0,2023-12-29T13:41:10.843,,,,1,1,Ford Motor Company,T2,1,1
FCX,"{'cantidadCompra': 100.0, 'precioCompra': 13355.0, 'precioVenta': 13520.5, 'cantidadVenta': 2303.0}",13354.5,-1.04,14170.5,14170.5,13327.5,13354.5,312.0,18.0,2023-12-29T13:46:09.48,,,,1,1,Freeport-Mcmoran Copper & Gold,T2,1,1
FD,"{'cantidadCompra': 1.0, 'precioCompra': 11.55, 'precioVenta': 12.3, 'cantidadVenta': 17.0}",12.35,0.0,11.8,12.35,11.8,12.35,0.0,0.0,2023-12-29T03:00:06.16,,,,1,2,Ford Motor Company,T2,1,1
FDX,"{'cantidadCompra': 5.0, 'precioCompra': 24025.0, 'precioVenta': 24137.0, 'cantidadVenta': 60.0}",24050.0,0.92,23900.0,25100.0,23315.0,24050.0,245.0,50.0,2023-12-29T13:45:22.71,,,,1,1,FedEx,T2,1,1
FDXD,"{'cantidadCompra': 1.0, 'precioCompra': 23.5, 'precioVenta': 30.0, 'cantidadVenta': 42.0}",25.0,0.0,25.0,25.0,25.0,25.0,0.0,0.0,2023-12-29T03:00:02.6,,,,1,2,FedEx,T2,1,1
FMX,"{'cantidadCompra': 80.0, 'precioCompra': 20484.0, 'precioVenta': 20705.5, 'cantidadVenta': 2400.0}",20453.0,0.19,20453.0,20453.0,20453.0,20453.0,13.0,1.0,2023-12-29T12:20:57.493,,,,1,1,Femsa,T2,1,1
FMXD,,39.5,0.0,39.5,0.0,0.0,39.5,0.0,0.0,2023-12-29T03:00:00.01,,,,1,2,Femsa,T2,1,1
FSLR,"{'cantidadCompra': 1.0, 'precioCompra': 52650.5, 'precioVenta': 55500.0, 'cantidadVenta': 1.0}",54721.0,2.28,55000.0,56819.0,54000.0,54721.0,175.0,86.0,2023-12-29T13:43:48.793,,,,1,1,First Solar,T2,1,1
GE,"{'cantidadCompra': 20.0, 'precioCompra': 14200.0, 'precioVenta': 15300.0, 'cantidadVenta': 1.0}",15223.0,0.04,15800.0,15800.0,15056.0,15223.0,735.0,75.0,2023-12-29T13:35:51.027,,,,1,1,General Electric,T2,1,1
GEC,,13.6,0.0,13.6,13.6,13.6,13.6,0.0,0.0,2023-12-29T03:00:07.93,,,,1,2,General Electric,T2,1,1
GED,"{'cantidadCompra': 2.0, 'precioCompra': 14.0, 'precioVenta': 17.6, 'cantidadVenta': 47.0}",16.0,0.0,16.0,16.0,16.0,16.0,0.0,0.0,2023-12-29T03:00:12.017,,,,1,2,General Electric,T2,1,1
GFI,"{'cantidadCompra': 2.0, 'precioCompra': 13205.0, 'precioVenta': 13779.0, 'cantidadVenta': 120.0}",13779.5,-0.08,13601.0,13779.5,13410.0,13779.5,23.0,10.0,2023-12-29T13:32:12.627,,,,1,1,Gold Fields,T2,1,1
GGB,"{'cantidadCompra': 80.0, 'precioCompra': 18199.0, 'precioVenta': 18469.0, 'cantidadVenta': 2.0}",18527.5,0.69,18450.5,18539.0,18008.0,18527.5,39.0,10.0,2023-12-29T13:24:01.93,,,,1,1,Gerdau,T2,1,1
GILD,"{'cantidadCompra': 60.0, 'precioCompra': 19143.5, 'precioVenta': 19374.0, 'cantidadVenta': 1500.0}",19373.5,1.1,19312.5,20206.0,18997.0,19373.5,249.0,48.0,2023-12-29T13:39:57.36,,,,1,1,Gilead Sciences,T2,1,1
GILDC,,15.5,0.0,15.5,15.5,15.5,15.5,0.0,0.0,2023-12-29T03:00:10.13,,,,1,2,Gilead Sciences,T2,1,1
GILDD,"{'cantidadCompra': 1.0, 'precioCompra': 21.7, 'precioVenta': 24.0, 'cantidadVenta': 32.0}",24.0,0.0,24.0,24.0,24.0,24.0,0.0,0.0,2023-12-29T03:00:03.383,,,,1,2,Gilead Sciences,T2,1,1
GLOB,"{'cantidadCompra': 150.0, 'precioCompra': 12538.0, 'precioVenta': 12690.0, 'cantidadVenta': 3600.0}",12537.5,0.19,12895.0,13100.0,12425.0,12537.5,2276.0,210.0,2023-12-29T13:44:56.077,,,,1,1,Globant,T2,1,1
GLOBD,"{'cantidadCompra': 50.0, 'precioCompra': 12.25, 'precioVenta': 13.6, 'cantidadVenta': 4.0}",12.75,-1.92,13.2,13.8,12.75,12.75,67.0,8.0,2023-12-29T13:17:19.847,,,,1,2,Globant,T2,1,1
GLW,"{'cantidadCompra': 160.0, 'precioCompra': 7167.0, 'precioVenta': 7261.0, 'cantidadVenta': 3700.0}",7279.0,1.46,7398.0,7398.0,7278.0,7279.0,119.0,3.0,2023-12-29T12:20:57.503,,,,1,1,Corning,T2,1,1
GM,"{'cantidadCompra': 4700.0, 'precioCompra': 5654.0, 'precioVenta': 5747.5, 'cantidadVenta': 4700.0}",5749.0,1.76,5697.0,6000.0,5568.5,5749.0,411.0,80.0,2023-12-29T13:38:58.677,,,,1,1,General Motors Co.,T2,1,1
GMD,"{'cantidadCompra': 5.0, 'precioCompra': 5.0, 'precioVenta': 6.0, 'cantidadVenta': 24.0}",5.85,0.0,5.85,5.85,5.85,5.85,0.0,0.0,2023-12-29T03:00:02.533,,,,1,2,General Motors Co.,T2,1,1
GOGLD,"{'cantidadCompra': 2.0, 'precioCompra': 2.36, 'precioVenta': 2.43, 'cantidadVenta': 187.0}",2.41,-0.41,2.42,2.5,2.36,2.41,8556.0,166.0,2023-12-29T13:46:03.153,,,,1,2,Google,T2,1,1
GOLD,"{'cantidadCompra': 63.0, 'precioCompra': 16748.0, 'precioVenta': 17045.0, 'cantidadVenta': 50.0}",17010.5,-0.8,17148.0,17858.5,16875.0,17010.5,13331.0,444.0,2023-12-29T13:45:48.447,,,,1,1,Barrick Gold,T2,1,1
GOLDC,,16.3,0.0,16.3,16.3,16.3,16.3,0.0,0.0,2023-12-29T03:00:15.953,,,,1,2,Barrick Gold,T2,1,1
GOLDD,"{'cantidadCompra': 56.0, 'precioCompra': 17.55, 'precioVenta': 18.0, 'cantidadVenta': 5.0}",18.0,0.27,17.4,18.0,17.4,18.0,39.0,8.0,2023-12-29T13:24:22.763,,,,1,2,Barrick Gold,T2,1,1
GOOGL,"{'cantidadCompra': 818.0, 'precioCompra': 2273.5, 'precioVenta': 2286.0, 'cantidadVenta': 56.0}",2286.0,0.48,2300.0,2369.0,2238.5,2286.0,74875.0,2920.0,2023-12-29T13:46:09.167,,,,1,1,Google,T2,1,1
GPRK,"{'cantidadCompra': 21.0, 'precioCompra': 8260.0, 'precioVenta': 8388.0, 'cantidadVenta': 130.0}",8300.0,1.91,8259.5,8300.0,8259.5,8300.0,53.0,3.0,2023-12-29T13:33:39.527,,,,1,1,Geopark Ltd.,T2,1,1
GPRKC,,0.0,0.0,0.0,0.0,0.0,0.0,0.0,0.0,2023-12-29T03:00:21.36,,,,1,2,Geopark Ltd,T2,1,1
GPRKD,"{'cantidadCompra': 20.0, 'precioCompra': 8.4, 'precioVenta': 10.25, 'cantidadVenta': 40.0}",10.5,0.0,10.5,10.5,10.5,10.5,0.0,0.0,2023-12-29T03:00:10.637,,,,1,2,Geopark Ltd,T2,1,1
GRMN,"{'cantidadCompra': 40.0, 'precioCompra': 40586.0, 'precioVenta': 41157.5, 'cantidadVenta': 40.0}",40845.0,2.34,40845.0,40845.0,40845.0,40845.0,7.0,1.0,2023-12-29T12:20:57.517,,,,1,1,Garmin LTD.,T2,1,1
GS,"{'cantidadCompra': 1200.0, 'precioCompra': 27945.5, 'precioVenta': 28277.0, 'cantidadVenta': 1200.0}",27894.0,0.38,29000.0,29000.0,27714.0,27894.0,71.0,7.0,2023-12-29T13:24:32.21,,,,1,1,Goldman Sachs,T2,1,1
GSD,"{'cantidadCompra': 2.0, 'precioCompra': 25.5, 'precioVenta': 30.55, 'cantidadVenta': 3.0}",29.1,0.0,28.9,29.1,28.9,29.1,0.0,0.0,2023-12-29T03:00:02.14,,,,1,2,Goldman Sachs,T2,1,1
GSK,"{'cantidadCompra': 3600.0, 'precioCompra': 8725.0, 'precioVenta': 8837.0, 'cantidadVenta': 3600.0}",8695.5,-0.46,8735.5,8735.5,8695.5,8695.5,16.0,2.0,2023-12-29T12:48:26.957,,,,1,1,GlaxoSmithKline,T2,1,1
GSKC,,9.84,0.0,9.84,9.84,9.84,9.84,0.0,0.0,2023-12-29T03:00:30.623,,,,1,2,GlaxoSmithKline,T2,1,1
GSKD,"{'cantidadCompra': 10.0, 'precioCompra': 7.0, 'precioVenta': 0.0, 'cantidadVenta': 0.0}",8.9,0.0,8.9,8.9,8.9,8.9,0.0,0.0,2023-12-29T03:00:23.53,,,,1,2,GlaxoSmithKline,T2,1,1
HAL,"{'cantidadCompra': 1700.0, 'precioCompra': 17036.0, 'precioVenta': 17305.5, 'cantidadVenta': 1700.0}",17165.5,1.64,16915.5,17165.5,16915.5,17165.5,6.0,3.0,2023-12-29T12:29:39.277,,,,1,1,Halliburton Co.,T2,1,1
HALC,,0.0,0.0,0.0,0.0,0.0,0.0,0.0,0.0,2023-12-29T03:00:26.677,,,,1,2,Halliburton,T2,1,1
HALD,,22.5,0.0,22.5,22.5,22.5,22.5,0.0,0.0,2023-12-29T03:00:03.86,,,,1,2,Halliburton,T2,1,1
HD,"{'cantidadCompra': 15.0, 'precioCompra': 10294.0, 'precioVenta': 10302.0, 'cantidadVenta': 3300.0}",10294.0,0.26,10220.0,10858.5,10124.5,10294.0,147.0,37.0,2023-12-29T13:45:56.6,,,,1,1,Home Depot,T2,1,1
HDB,"{'cantidadCompra': 0.0, 'precioCompra': 0.0, 'precioVenta': 32133.0, 'cantidadVenta': 40.0}",32061.5,0.0,32061.5,32061.5,32061.5,32061.5,0.0,0.0,2023-12-29T03:00:09.897,,,,1,1,HDFC BANK,T2,1,1
HL,"{'cantidadCompra': 5700.0, 'precioCompra': 4529.5, 'precioVenta': 4607.5, 'cantidadVenta': 5700.0}",4515.0,-4.09,4515.0,4515.0,4515.0,4515.0,1.0,1.0,2023-12-29T12:48:09.957,,,,1,1,Hecla Mining,T2,1,1
HMC,"{'cantidadCompra': 60.0, 'precioCompra': 28981.5, 'precioVenta': 29678.5, 'cantidadVenta': 60.0}",29679.0,2.6,29700.0,30844.5,28925.5,29679.0,186.0,29.0,2023-12-29T13:26:57.43,,,,1,1,Honda Motor,T2,1,1
HMY,"{'cantidadCompra': 20.0, 'precioCompra': 5100.0, 'precioVenta': 5956.5, 'cantidadVenta': 44.0}",5874.5,2.59,5910.0,6150.0,5727.0,5874.5,4231.0,279.0,2023-12-29T13:44:48.337,,,,1,1,Harmony Gold ,T2,1,1
HMYD,"{'cantidadCompra': 287.0, 'precioCompra': 5.37, 'precioVenta': 6.1, 'cantidadVenta': 11.0}",6.16,1.81,6.2,6.2,6.16,6.16,12.0,4.0,2023-12-29T12:20:57.533,,,,1,2,Harmony Gold,T2,1,1
HOG,"{'cantidadCompra': 100.0, 'precioCompra': 11629.5, 'precioVenta': 11765.0, 'cantidadVenta': 2100.0}",11905.5,2.97,11559.0,11905.5,11364.5,11905.5,11.0,4.0,2023-12-29T12:20:57.533,,,,1,1,Harley Davidson,T2,1,1
HON,"{'cantidadCompra': 60.0, 'precioCompra': 24746.5, 'precioVenta': 25004.5, 'cantidadVenta': 1300.0}",25000.0,1.55,25019.0,25019.0,24417.0,25000.0,153.0,13.0,2023-12-29T13:10:12.367,,,,1,1,Honeywell International,T2,1,1
HPQ,"{'cantidadCompra': 1100.0, 'precioCompra': 28270.5, 'precioVenta': 28851.0, 'cantidadVenta': 50.0}",28289.0,0.36,29000.0,29000.0,28256.0,28289.0,32.0,4.0,2023-12-29T13:41:37.613,,,,1,1,Hewlett-Packard,T2,1,1
HSBC,"{'cantidadCompra': 1800.0, 'precioCompra': 19109.5, 'precioVenta': 19334.0, 'cantidadVenta': 1800.0}",19174.0,0.04,19174.0,19174.0,19174.0,19174.0,1.0,1.0,2023-12-29T12:21:47.747,,,,1,1,Hsbc Holdings,T2,1,1
HSY,"{'cantidadCompra': 20.0, 'precioCompra': 8406.0, 'precioVenta': 8463.5, 'cantidadVenta': 2900.0}",8463.0,2.22,8309.0,8689.5,8167.5,8463.0,1290.0,126.0,2023-12-29T13:45:34.79,,,,1,1,Hershey,T2,1,1
HUT,"{'cantidadCompra': 3900.0, 'precioCompra': 64414.5, 'precioVenta': 65239.0, 'cantidadVenta': 3900.0}",65334.0,-13.81,75820.0,80799.0,60818.5,65334.0,3245.0,424.0,2023-12-29T13:46:18.337,,,,1,1,Hut 8 Mining Corp.,T2,1,1
HUTC,,0.0,0.0,0.0,0.0,0.0,0.0,0.0,0.0,2023-12-29T03:01:12.63,,,,1,2,Hut 8 Mining Corp.,T2,1,1
HUTD,,9.0,0.0,9.0,9.0,9.0,9.0,0.0,0.0,2023-12-29T03:00:03.387,,,,1,2,Hut 8 Mining Corp.,T2,1,1
HWM,"{'cantidadCompra': 900.0, 'precioCompra': 50945.5, 'precioVenta': 51954.0, 'cantidadVenta': 40.0}",51505.0,0.49,53000.0,53000.0,51505.0,51505.0,3.0,3.0,2023-12-29T12:20:57.54,,,,1,1,Howmet Aerospace,T2,1,1
HWMD,,42.55,0.0,42.55,42.55,42.55,42.55,0.0,0.0,2023-12-29T03:00:06.547,,,,1,2,Howmet Aerospace,T2,1,1
IBM,"{'cantidadCompra': 60.0, 'precioCompra': 30888.5, 'precioVenta': 31179.0, 'cantidadVenta': 1200.0}",31179.0,1.12,30833.0,33594.0,30512.5,31179.0,723.0,231.0,2023-12-29T13:45:57.217,,,,1,1,Ibm,T2,1,1
IBMD,"{'cantidadCompra': 35.0, 'precioCompra': 30.2, 'precioVenta': 32.45, 'cantidadVenta': 1.0}",32.5,0.61,32.7,32.8,32.5,32.5,6.0,4.0,2023-12-29T12:20:57.543,,,,1,2,IBM,T2,1,1
IFF,"{'cantidadCompra': 250.0, 'precioCompra': 6359.0, 'precioVenta': 6438.5, 'cantidadVenta': 250.0}",6427.0,-0.46,6467.0,6467.0,6427.0,6427.0,252.0,2.0,2023-12-29T12:21:09.69,,,,1,1,INTL FLAVORS & FRAGRANCES,T2,1,1
IFFD,,0.0,0.0,0.0,0.0,0.0,0.0,0.0,0.0,2023-12-29T03:00:02.327,,,,1,2,Intl Flavors & Fragrances,T2,1,1
INFY,"{'cantidadCompra': 80.0, 'precioCompra': 17269.5, 'precioVenta': 17599.0, 'cantidadVenta': 80.0}",17269.0,-1.88,17800.5,17801.0,17232.0,17269.0,108.0,9.0,2023-12-29T13:33:48.767,,,,1,1,InfoSys LTD,T2,1,1
ING,"{'cantidadCompra': 7000.0, 'precioCompra': 4681.5, 'precioVenta': 4785.0, 'cantidadVenta': 7000.0}",4851.5,2.17,4851.5,4851.5,4851.5,4851.5,1.0,1.0,2023-12-29T12:20:57.547,,,,1,1,CEDEAR ING GROUP,T2,1,1
INGD,,0.0,0.0,0.0,0.0,0.0,0.0,0.0,0.0,2023-12-29T03:00:17.983,,,,1,2,Cedear Ing Group,T2,1,1
INTC,"{'cantidadCompra': 1.0, 'precioCompra': 9520.0, 'precioVenta': 9566.5, 'cantidadVenta': 5800.0}",9559.0,0.57,9521.0,9988.0,9300.0,9559.0,3200.0,279.0,2023-12-29T13:44:04.29,,,,1,1,Intel,T2,1,1
INTCD,"{'cantidadCompra': 118.0, 'precioCompra': 9.8, 'precioVenta': 10.0, 'cantidadVenta': 240.0}",10.0,-0.49,10.4,10.4,10.0,10.0,103.0,15.0,2023-12-29T13:32:06.127,,,,1,2,Intel,T2,1,1
IP,"{'cantidadCompra': 150.0, 'precioCompra': 8545.0, 'precioVenta': 8671.5, 'cantidadVenta': 150.0}",8588.0,-0.35,8605.0,8638.0,8588.0,8588.0,276.0,4.0,2023-12-29T13:03:03.8,,,,1,1,International Paper,T2,1,1
ITUB,"{'cantidadCompra': 280.0, 'precioCompra': 6597.5, 'precioVenta': 6625.0, 'cantidadVenta': 3.0}",6583.0,-0.08,6564.5,6860.0,6477.5,6583.0,2124.0,29.0,2023-12-29T13:42:29.94,,,,1,1,Banco Itaú Unibanco S.A.,T2,1,1
ITUBD,"{'cantidadCompra': 1.0, 'precioCompra': 6.1, 'precioVenta': 7.0, 'cantidadVenta': 7.0}",6.88,4.94,6.88,6.88,6.88,6.88,45.0,1.0,2023-12-29T12:20:57.553,,,,1,2,Banco Itaú Unibanco S.A.,T2,1,1
IWM,"{'cantidadCompra': 2.0, 'precioCompra': 19050.0, 'precioVenta': 19203.0, 'cantidadVenta': 6000.0}",19204.5,-0.06,19260.0,20349.0,18856.0,19204.5,2298.0,217.0,2023-12-29T13:45:57.287,,,,1,1,Etf Ishares Trust Russell 2000,T2,1,1
IWMD,"{'cantidadCompra': 41.0, 'precioCompra': 20.0, 'precioVenta': 20.1, 'cantidadVenta': 3.0}",20.0,-7.83,21.9,22.45,20.0,20.0,62.0,13.0,2023-12-29T13:34:44.633,,,,1,2,Etf Ishares Trust Russell 2000,T2,1,1
JD,"{'cantidadCompra': 100.0, 'precioCompra': 13580.5, 'precioVenta': 13713.0, 'cantidadVenta': 1300.0}",13717.0,2.04,13442.0,14132.0,13442.0,13717.0,3740.0,163.0,2023-12-29T13:46:06,,,,1,1,Jd.Com,T2,1,1
JMIA,"{'cantidadCompra': 420.0, 'precioCompra': 3399.0, 'precioVenta': 3446.0, 'cantidadVenta': 420.0}",3446.5,-4.27,3700.0,3700.0,3399.0,3446.5,1129.0,41.0,2023-12-29T13:45:17.66,,,,1,1,Jumia Technologies AG,T2,1,1
JMIAC,,0.0,0.0,0.0,0.0,0.0,0.0,0.0,0.0,2023-12-29T03:00:00.423,,,,1,2,Jumia Technologies Ag,T2,1,1
JMIAD,"{'cantidadCompra': 307.0, 'precioCompra': 3.25, 'precioVenta': 4.2, 'cantidadVenta': 533.0}",3.6,0.0,3.6,3.6,3.6,3.6,0.0,0.0,2023-12-29T03:00:06.233,,,,1,2,Jumia Technologies Ag,T2,1,1
JNJ,"{'cantidadCompra': 32.0, 'precioCompra': 9920.0, 'precioVenta': 9947.0, 'cantidadVenta': 3000.0}",9900.0,0.83,9818.5,10100.0,9615.0,9900.0,4779.0,309.0,2023-12-29T13:45:49.877,,,,1,1,Johnson & Johnson,T2,1,1
JNJC,,33.0,0.0,33.0,33.0,33.0,33.0,0.0,0.0,2023-12-29T03:00:23.603,,,,1,2,Johnson & Johnson,T2,1,1
JNJD,"{'cantidadCompra': 8.0, 'precioCompra': 10.25, 'precioVenta': 10.45, 'cantidadVenta': 11.0}",10.5,2.43,10.65,10.65,10.0,10.5,126.0,22.0,2023-12-29T13:16:28.923,,,,1,2,Johnson & Johnson,T2,1,1
JPM,"{'cantidadCompra': 60.0, 'precioCompra': 32170.5, 'precioVenta': 32478.0, 'cantidadVenta': 1.0}",32478.0,0.9,32200.0,33574.5,31911.0,32478.0,2511.0,235.0,2023-12-29T13:45:53.66,,,,1,1,Jpmorgan Chase & Co.,T2,1,1
JPMD,"{'cantidadCompra': 44.0, 'precioCompra': 34.0, 'precioVenta': 34.5, 'cantidadVenta': 10.0}",34.0,2.56,34.0,34.0,33.15,34.0,11.0,7.0,2023-12-29T13:21:49.367,,,,1,2,JPMorgan Chase & Co.,T2,1,1
KMB,"{'cantidadCompra': 1600.0, 'precioCompra': 19029.5, 'precioVenta': 19328.5, 'cantidadVenta': 1600.0}",19036.0,-0.04,19050.0,19300.0,19036.0,19036.0,27.0,8.0,2023-12-29T13:43:20.583,,,,1,1,Kimberly-Clark,T2,1,1
KMBC,,20.75,0.0,20.75,20.75,20.75,20.75,0.0,0.0,2023-12-29T03:00:23.59,,,,1,2,Kimberly-Clark,T2,1,1
KO,"{'cantidadCompra': 452.0, 'precioCompra': 11050.5, 'precioVenta': 11100.0, 'cantidadVenta': 3.0}",11220.0,1.12,11124.0,11498.0,11000.0,11220.0,69364.0,2536.0,2023-12-29T13:46:18.143,,,,1,1,The Coca-Cola Company,T2,1,1
KOC,,11.65,0.0,11.65,11.65,11.65,11.65,0.0,0.0,2023-12-29T03:00:17.18,,,,1,2,The Coca-Cola Company,T2,1,1
KOD,"{'cantidadCompra': 1151.0, 'precioCompra': 11.6, 'precioVenta': 11.7, 'cantidadVenta': 106.0}",11.6,0.43,11.8,12.0,11.5,11.6,8743.0,311.0,2023-12-29T13:44:42.167,,,,1,2,The Coca-Cola Company,T2,1,1
KOFM,"{'cantidadCompra': 1000.0, 'precioCompra': 44526.0, 'precioVenta': 45272.0, 'cantidadVenta': 1000.0}",45486.0,3.02,44149.5,45486.0,44149.5,45486.0,8.0,4.0,2023-12-29T13:17:51.633,,,,1,1,Coca-Cola Femsa,T2,1,1
LLY,"{'cantidadCompra': 5.0, 'precioCompra': 69141.0, 'precioVenta': 69805.0, 'cantidadVenta': 40.0}",69141.0,0.49,68800.0,71946.5,67000.0,69141.0,87.0,39.0,2023-12-29T13:28:37.043,,,,1,1,Eli Lilly,T2,1,1
LMT,"{'cantidadCompra': 60.0, 'precioCompra': 21502.5, 'precioVenta': 21671.0, 'cantidadVenta': 60.0}",21671.5,1.95,21255.0,22000.0,21155.5,21671.5,7162.0,85.0,2023-12-29T13:45:17.037,,,,1,1,Lockheed Martin,T2,1,1
LMTD,"{'cantidadCompra': 1.0, 'precioCompra': 22.0, 'precioVenta': 23.15, 'cantidadVenta': 4.0}",23.3,0.0,23.3,23.3,23.3,23.3,0.0,0.0,2023-12-27T03:00:19.817,,,,1,2,Lockheed Martin,T2,1,1
LRCX,"{'cantidadCompra': 160.0, 'precioCompra': 13170.0, 'precioVenta': 13343.0, 'cantidadVenta': 3600.0}",13323.0,-0.15,13321.0,13500.0,13200.0,13323.0,134.0,16.0,2023-12-29T13:42:21.8,,,,1,1,LAM RESEARCH CORP.,T2,1,1
LRCXD,,10.1,0.0,10.3,10.3,10.1,10.1,0.0,0.0,2023-12-29T03:00:18.347,,,,1,2,Lam Research Corp.,T2,1,1
LVS,"{'cantidadCompra': 5.0, 'precioCompra': 23210.0, 'precioVenta': 23453.0, 'cantidadVenta': 1.0}",23551.0,1.95,23287.5,23576.0,23100.0,23551.0,23.0,7.0,2023-12-29T13:25:13.063,,,,1,1,Las Vegas Sands,T2,1,1
LYG,"{'cantidadCompra': 13.0, 'precioCompra': 1125.0, 'precioVenta': 1143.5, 'cantidadVenta': 25.0}",1125.0,0.58,1063.0,1150.0,1063.0,1125.0,286.0,58.0,2023-12-29T13:33:56.95,,,,1,1,Lloyds Banking Group,T2,1,1
MA,"{'cantidadCompra': 120.0, 'precioCompra': 12250.0, 'precioVenta': 12335.5, 'cantidadVenta': 2900.0}",12300.0,0.72,12822.0,13000.0,12035.0,12300.0,376.0,57.0,2023-12-29T13:44:44.203,,,,1,1,Mastercard Inc.,T2,1,1
MAC,,11.15,0.0,11.15,11.15,11.15,11.15,0.0,0.0,2023-12-29T02:59:59.803,,,,1,2,Mastercard,T2,1,1
MAD,"{'cantidadCompra': 11.0, 'precioCompra': 11.4, 'precioVenta': 12.95, 'cantidadVenta': 14.0}",13.15,0.0,13.0,13.25,13.0,13.15,0.0,0.0,2023-12-29T03:00:05.11,,,,1,2,Mastercard,T2,1,1
MCD,"{'cantidadCompra': 120.0, 'precioCompra': 11672.5, 'precioVenta': 11780.0, 'cantidadVenta': 9.0}",11782.0,1.53,12000.0,12200.0,11260.0,11782.0,1728.0,337.0,2023-12-29T13:45:13.123,,,,1,1,McDonald's,T2,1,1
MCDD,"{'cantidadCompra': 12.0, 'precioCompra': 11.85, 'precioVenta': 12.6, 'cantidadVenta': 20.0}",12.3,2.92,12.0,12.4,12.0,12.3,98.0,28.0,2023-12-29T13:38:09.977,,,,1,2,Mcdonald's,T2,1,1
MDT,"{'cantidadCompra': 60.0, 'precioCompra': 19492.0, 'precioVenta': 19691.0, 'cantidadVenta': 1600.0}",19500.0,0.0,20000.0,20438.5,19500.0,19500.0,10.0,7.0,2023-12-29T12:20:57.577,,,,1,1,Medtronic,T2,1,1
MELI,"{'cantidadCompra': 1.0, 'precioCompra': 24950.0, 'precioVenta': 25007.0, 'cantidadVenta': 150.0}",24950.0,0.07,25650.0,26875.0,24385.0,24950.0,7650.0,968.0,2023-12-29T13:46:21.34,,,,1,1,MercadoLibre,T2,1,1
MELIC,,20.1,0.0,18.0,0.0,0.0,20.1,0.0,0.0,2023-12-29T03:00:00.16,,,,1,2,MercadoLibre,T2,1,1
MELID,"{'cantidadCompra': 56.0, 'precioCompra': 25.95, 'precioVenta': 26.3, 'cantidadVenta': 25.0}",26.2,0.0,26.35,26.9,25.5,26.2,440.0,82.0,2023-12-29T13:45:39.307,,,,1,2,MercadoLibre,T2,1,1
META,"{'cantidadCompra': 200.0, 'precioCompra': 13933.0, 'precioVenta': 14047.0, 'cantidadVenta': 4500.0}",13932.5,-1.42,14149.5,15200.0,13850.0,13932.5,6067.0,603.0,2023-12-29T13:45:57.197,,,,1,1,Meta Platforms Inc,T2,1,1
METAC,,28.0,0.0,28.0,28.0,28.0,28.0,0.0,0.0,2023-12-29T03:00:19.56,,,,1,2,Meta Platforms Inc,T2,1,1
METAD,"{'cantidadCompra': 1.0, 'precioCompra': 14.25, 'precioVenta': 15.05, 'cantidadVenta': 11.0}",14.8,-0.33,14.85,15.25,14.45,14.8,369.0,55.0,2023-12-29T13:23:31.237,,,,1,2,Meta Platforms Inc,T2,1,1
MMC,"{'cantidadCompra': 145.0, 'precioCompra': 11211.0, 'precioVenta': 11340.5, 'cantidadVenta': 140.0}",11260.5,-0.42,11300.0,11300.0,11200.0,11260.5,84.0,4.0,2023-12-29T12:53:04.477,,,,1,1,Marsh & McLennan,T2,1,1
MMM,"{'cantidadCompra': 12.0, 'precioCompra': 20701.0, 'precioVenta': 20802.0, 'cantidadVenta': 1600.0}",20803.5,0.52,21300.0,22000.0,20500.0,20803.5,330.0,99.0,2023-12-29T13:43:27.127,,,,1,1,3M,T2,1,1
MMMD,"{'cantidadCompra': 46.0, 'precioCompra': 21.3, 'precioVenta': 22.9, 'cantidadVenta': 20.0}",21.5,-2.27,21.5,22.5,21.5,21.5,13.0,7.0,2023-12-29T12:20:57.587,,,,1,2,3M,T2,1,1
MO,"{'cantidadCompra': 2.0, 'precioCompra': 9622.0, 'precioVenta': 9625.0, 'cantidadVenta': 2800.0}",9625.0,1.42,9490.0,10246.0,9373.5,9625.0,2224.0,314.0,2023-12-29T13:46:01.74,,,,1,1,Altria Group,T2,1,1
MOD,"{'cantidadCompra': 4.0, 'precioCompra': 9.6, 'precioVenta': 10.7, 'cantidadVenta': 122.0}",10.4,0.97,10.1,10.4,10.1,10.4,65.0,9.0,2023-12-29T13:24:11.23,,,,1,2,Altria Group,T2,1,1
MOS,"{'cantidadCompra': 180.0, 'precioCompra': 6752.5, 'precioVenta': 6828.5, 'cantidadVenta': 3200.0}",6752.0,-2.0,7000.0,7093.0,6620.0,6752.0,95.0,10.0,2023-12-29T13:34:35.133,,,,1,1,The Mosaic Co,T2,1,1
MOSD,"{'cantidadCompra': 0.0, 'precioCompra': 0.0, 'precioVenta': 9.0, 'cantidadVenta': 29.0}",8.8,0.0,8.8,8.8,8.8,8.8,0.0,0.0,2023-12-29T03:00:05.653,,,,1,2,The Mosaic Co,T2,1,1
MRK,"{'cantidadCompra': 1500.0, 'precioCompra': 20584.0, 'precioVenta': 20822.5, 'cantidadVenta': 1500.0}",20945.5,1.66,21000.0,21493.0,20038.0,20945.5,62.0,20.0,2023-12-29T13:26:53.863,,,,1,1,Merck,T2,1,1
MRKD,"{'cantidadCompra': 10.0, 'precioCompra': 19.95, 'precioVenta': 21.6, 'cantidadVenta': 1.0}",21.6,4.34,21.6,21.6,21.6,21.6,15.0,1.0,2023-12-29T12:20:57.593,,,,1,2,Merck,T2,1,1
MSFT,"{'cantidadCompra': 91.0, 'precioCompra': 11714.5, 'precioVenta': 11779.0, 'cantidadVenta': 25.0}",11885.0,0.83,12249.0,12300.0,11626.5,11885.0,14533.0,1103.0,2023-12-29T13:46:14.637,,,,1,1,Microsoft,T2,1,1
MSFTC,,9.45,0.0,9.45,9.45,9.45,9.45,0.0,0.0,2023-12-29T02:59:59.94,,,,1,2,Microsoft,T2,1,1
MSFTD,"{'cantidadCompra': 185.0, 'precioCompra': 12.15, 'precioVenta': 12.45, 'cantidadVenta': 21.0}",12.3,-1.59,12.6,12.75,12.0,12.3,622.0,84.0,2023-12-29T13:43:18.003,,,,1,2,Microsoft,T2,1,1
MSI,"{'cantidadCompra': 100.0, 'precioCompra': 14693.0, 'precioVenta': 14957.0, 'cantidadVenta': 100.0}",14957.5,2.02,14514.0,15202.0,14514.0,14957.5,110.0,13.0,2023-12-29T13:43:48.477,,,,1,1,Motorola,T2,1,1
MSTR,"{'cantidadCompra': 1.0, 'precioCompra': 29600.0, 'precioVenta': 30280.0, 'cantidadVenta': 3.0}",30280.0,-3.25,31500.0,33850.0,29100.0,30280.0,1648.0,100.0,2023-12-29T13:41:31.44,,,,1,1,MicroStrategy Incorporated,T2,1,1
MSTRD,"{'cantidadCompra': 10.0, 'precioCompra': 12.55, 'precioVenta': 0.0, 'cantidadVenta': 0.0}",33.0,0.0,32.3,33.0,32.3,33.0,0.0,0.0,2023-12-29T03:00:05.11,,,,1,2,Microstrategy Incorporated,T2,1,1
MU,"{'cantidadCompra': 120.0, 'precioCompra': 16136.5, 'precioVenta': 16371.5, 'cantidadVenta': 120.0}",16372.0,0.22,16357.0,16913.0,16115.0,16372.0,331.0,11.0,2023-12-29T13:33:22.807,,,,1,1,"Micron Technology, Inc.",T2,1,1
MUD,,14.35,0.0,14.35,14.35,14.35,14.35,0.0,0.0,2023-12-29T03:00:14.653,,,,1,2,"Micron Technology, Inc.",T2,1,1
NEM,"{'cantidadCompra': 120.0, 'precioCompra': 13002.5, 'precioVenta': 13185.5, 'cantidadVenta': 2100.0}",12934.0,-1.26,13110.0,13110.0,12934.0,12934.0,49.0,3.0,2023-12-29T12:20:57.6,,,,1,1,Newmont Mining Corporation,T2,1,1
NEMD,,12.8,0.0,12.8,12.8,12.8,12.8,0.0,0.0,2023-12-28T03:00:27.61,,,,1,2,Newmont Mining Corporation,T2,1,1
NFLX,"{'cantidadCompra': 80.0, 'precioCompra': 28502.0, 'precioVenta': 28827.0, 'cantidadVenta': 1500.0}",28501.5,-1.62,28950.0,30200.0,28289.5,28501.5,726.0,111.0,2023-12-29T13:44:48.897,,,,1,1,Netflix,T2,1,1
NFLXD,"{'cantidadCompra': 2.0, 'precioCompra': 26.0, 'precioVenta': 30.6, 'cantidadVenta': 1.0}",30.25,0.0,30.0,30.25,28.9,30.25,0.0,0.0,2023-12-29T03:00:02.38,,,,1,2,Netflix,T2,1,1
NGG,"{'cantidadCompra': 40.0, 'precioCompra': 32046.5, 'precioVenta': 32437.0, 'cantidadVenta': 1140.0}",32419.5,2.9,32419.5,32419.5,32419.5,32419.5,2.0,1.0,2023-12-29T12:20:57.603,,,,1,1,National Grid,T2,1,1
NIO,"{'cantidadCompra': 7.0, 'precioCompra': 2090.5, 'precioVenta': 2139.0, 'cantidadVenta': 43.0}",2154.0,-2.06,2180.0,2298.5,2111.0,2154.0,68645.0,640.0,2023-12-29T13:46:20.297,,,,1,1,NIO INC.,T2,1,1
NIOD,"{'cantidadCompra': 12.0, 'precioCompra': 2.22, 'precioVenta': 2.3, 'cantidadVenta': 68.0}",2.22,-5.12,2.3,2.4,2.2,2.22,1331.0,27.0,2023-12-29T13:45:57.563,,,,1,2,Nio Inc.,T2,1,1
NKE,"{'cantidadCompra': 6.0, 'precioCompra': 8590.0, 'precioVenta': 8646.5, 'cantidadVenta': 3200.0}",8645.0,0.69,8873.0,9000.0,8504.5,8645.0,11579.0,612.0,2023-12-29T13:45:53.847,,,,1,1,Nike,T2,1,1
NKED,"{'cantidadCompra': 7.0, 'precioCompra': 9.0, 'precioVenta': 9.09, 'cantidadVenta': 48.0}",9.14,0.1,9.15,9.6,9.1,9.14,174.0,27.0,2023-12-29T13:41:41.187,,,,1,2,Nike,T2,1,1
NOKA,"{'cantidadCompra': 7000.0, 'precioCompra': 3178.0, 'precioVenta': 3243.5, 'cantidadVenta': 7000.0}",3243.5,2.67,3161.0,3272.5,3046.0,3243.5,135.0,39.0,2023-12-29T13:41:35.68,,,,1,1,Nokia,T2,1,1
NSAN,,0.0,0.0,0.0,0.0,0.0,0.0,0.0,0.0,2023-12-29T03:00:02.6,,,,1,1,Nissan,T2,1,1
NTCO,"{'cantidadCompra': 300.0, 'precioCompra': 6411.0, 'precioVenta': 6494.5, 'cantidadVenta': 5900.0}",6406.5,-1.75,6530.0,6630.0,6382.5,6406.5,745.0,12.0,2023-12-29T13:38:25.313,,,,1,1,Cedear Natura & Co Holding Sa,T2,1,1
NTES,"{'cantidadCompra': 5200.0, 'precioCompra': 6301.5, 'precioVenta': 6313.0, 'cantidadVenta': 2.0}",6313.0,5.56,6150.0,6363.0,6100.0,6313.0,589.0,34.0,2023-12-29T13:46:13.35,,,,1,1,"Netease, Inc.",T2,1,1
NUE,"{'cantidadCompra': 130.0, 'precioCompra': 10217.0, 'precioVenta': 10409.0, 'cantidadVenta': 3200.0}",10356.0,0.54,10384.5,10384.5,10262.0,10356.0,107.0,4.0,2023-12-29T13:09:59.083,,,,1,1,Nucor,T2,1,1
NVDA,"{'cantidadCompra': 140.0, 'precioCompra': 19334.0, 'precioVenta': 19470.0, 'cantidadVenta': 5.0}",19333.5,-0.57,20139.0,20350.0,19232.0,19333.5,5957.0,879.0,2023-12-29T13:45:42.347,,,,1,1,Nvidia,T2,1,1
NVDAD,"{'cantidadCompra': 36.0, 'precioCompra': 20.3, 'precioVenta': 20.6, 'cantidadVenta': 13.0}",20.3,-0.73,20.7,20.9,20.0,20.3,423.0,80.0,2023-12-29T13:32:14.983,,,,1,2,Nvidia,T2,1,1
NVS,"{'cantidadCompra': 60.0, 'precioCompra': 23732.5, 'precioVenta': 24150.0, 'cantidadVenta': 60.0}",21550.0,0.0,21920.5,21920.5,21411.0,21550.0,0.0,0.0,2023-12-29T03:00:18.753,,,,1,1,Novartis Ag,T2,1,1
NVSD,,27.5,0.0,27.5,27.5,27.5,27.5,0.0,0.0,2023-12-29T03:00:18.533,,,,1,2,Novartis AG,T2,1,1
OGZD,,348.0,0.0,195.0,359.0,180.0,348.0,0.0,0.0,2023-12-29T03:00:02.677,,,,1,1,Gazprom,T2,1,1
OGZDD,,1.91,0.0,1.7,2.0,1.61,1.91,0.0,0.0,2023-12-29T03:00:04.78,,,,1,2,Gazprom,T2,1,1
ORAN,"{'cantidadCompra': 140.0, 'precioCompra': 10774.5, 'precioVenta': 10897.0, 'cantidadVenta': 3200.0}",10920.0,0.65,10920.0,10920.0,10920.0,10920.0,1.0,1.0,2023-12-29T12:20:57.62,,,,1,1,Orange,T2,1,1
ORCL,"{'cantidadCompra': 50.0, 'precioCompra': 33042.0, 'precioVenta': 33482.5, 'cantidadVenta': 1200.0}",33041.5,-1.34,33492.0,34800.0,31817.5,33041.5,321.0,75.0,2023-12-29T13:43:49.403,,,,1,1,Oracle,T2,1,1
OXY,"{'cantidadCompra': 36.0, 'precioCompra': 10925.0, 'precioVenta': 11452.0, 'cantidadVenta': 2.0}",11305.5,0.54,11239.0,11819.5,10690.0,11305.5,596.0,93.0,2023-12-29T13:45:54.163,,,,1,1,Occidental Petroleum Corporation,T2,1,1
OXYD,"{'cantidadCompra': 4.0, 'precioCompra': 11.2, 'precioVenta': 12.2, 'cantidadVenta': 24.0}",11.7,0.0,11.5,11.7,11.5,11.7,0.0,0.0,2023-12-29T02:59:55.317,,,,1,2,Occidental Petroleum Corporation,T2,1,1
PAAS,"{'cantidadCompra': 10.0, 'precioCompra': 4751.0, 'precioVenta': 5190.5, 'cantidadVenta': 1.0}",5145.0,-0.59,5234.5,5469.0,5000.0,5145.0,793.0,163.0,2023-12-29T13:41:19.66,,,,1,1,Pan American Silver Corp.,T2,1,1
PAASC,,0.0,0.0,0.0,0.0,0.0,0.0,0.0,0.0,2023-12-29T03:00:11.233,,,,1,2,Pan American Silver Corp.,T2,1,1
PAASD,"{'cantidadCompra': 12.0, 'precioCompra': 4.8, 'precioVenta': 5.77, 'cantidadVenta': 11.0}",5.5,0.0,5.25,5.6,5.25,5.5,0.0,0.0,2023-12-29T03:00:11.177,,,,1,2,Pan American Silver Corp.,T2,1,1
PANW,"{'cantidadCompra': 360.0, 'precioCompra': 5531.5, 'precioVenta': 5587.5, 'cantidadVenta': 360.0}",5588.0,-0.17,5600.0,5780.0,5532.5,5588.0,677.0,15.0,2023-12-29T13:46:19.323,,,,1,1,"Palo Alto Networks, Inc.",T2,1,1
PANWD,"{'cantidadCompra': 2.0, 'precioCompra': 5.5, 'precioVenta': 0.0, 'cantidadVenta': 0.0}",5.9,0.0,5.9,5.9,5.9,5.9,0.0,0.0,2023-12-29T03:00:02.12,,,,1,2,"Palo Alto Networks, Inc.",T2,1,1
PBI,"{'cantidadCompra': 400.0, 'precioCompra': 4112.5, 'precioVenta': 4170.5, 'cantidadVenta': 7600.0}",4133.0,2.12,4135.0,4310.5,4119.0,4133.0,86.0,15.0,2023-12-29T13:07:27.61,,,,1,1,Pitney Bowes,T2,1,1
PBR,"{'cantidadCompra': 72.0, 'precioCompra': 14966.0, 'precioVenta': 14990.0, 'cantidadVenta': 242.0}",15171.0,0.26,15100.0,15730.0,14949.5,15171.0,6550.0,444.0,2023-12-29T13:45:49.837,,,,1,1,Petroleo Brasileiro S.A.,T2,1,1
PBRD,"{'cantidadCompra': 63.0, 'precioCompra': 15.7, 'precioVenta': 15.8, 'cantidadVenta': 1.0}",15.5,-0.64,16.0,16.0,15.15,15.5,95.0,17.0,2023-12-29T13:27:51.113,,,,1,2,Petroleo Brasileiro S.A.,T2,1,1
PCAR,"{'cantidadCompra': 60.0, 'precioCompra': 30701.5, 'precioVenta': 31051.5, 'cantidadVenta': 1400.0}",31058.5,1.12,31058.5,31058.5,31058.5,31058.5,27.0,1.0,2023-12-29T12:20:57.63,,,,1,1,PACCAR,T2,1,1
PEP,"{'cantidadCompra': 1.0, 'precioCompra': 26800.0, 'precioVenta': 27105.0, 'cantidadVenta': 50.0}",27105.5,2.35,27221.0,27870.0,26400.0,27105.5,900.0,261.0,2023-12-29T13:46:15.643,,,,1,1,PepsiCo,T2,1,1
PEPC,,0.0,0.0,0.0,0.0,0.0,0.0,0.0,0.0,2023-12-29T03:00:14.857,,,,1,2,Pepsico,T2,1,1
PEPD,"{'cantidadCompra': 30.0, 'precioCompra': 27.1, 'precioVenta': 28.4, 'cantidadVenta': 12.0}",28.4,0.35,28.3,28.4,28.3,28.4,12.0,10.0,2023-12-29T13:43:15.81,,,,1,2,Pepsico,T2,1,1
PFE,"{'cantidadCompra': 22.0, 'precioCompra': 13667.0, 'precioVenta': 13678.0, 'cantidadVenta': 1.0}",13687.5,1.02,13450.0,14500.0,13350.0,13687.5,7623.0,454.0,2023-12-29T13:45:56.837,,,,1,1,Pfizer,T2,1,1
PFED,"{'cantidadCompra': 13.0, 'precioCompra': 13.75, 'precioVenta': 14.5, 'cantidadVenta': 22.0}",14.3,-0.34,14.35,14.5,13.7,14.3,43.0,13.0,2023-12-29T13:23:13.32,,,,1,2,Pfizer,T2,1,1
PG,"{'cantidadCompra': 7.0, 'precioCompra': 27700.0, 'precioVenta': 27961.5, 'cantidadVenta': 1200.0}",27962.0,1.85,27500.0,28850.0,27295.5,27962.0,3481.0,211.0,2023-12-29T13:45:49.317,,,,1,1,Procter & Gamble,T2,1,1
PGD,"{'cantidadCompra': 5.0, 'precioCompra': 28.2, 'precioVenta': 30.95, 'cantidadVenta': 6.0}",29.0,2.11,29.0,29.0,29.0,29.0,21.0,10.0,2023-12-29T13:25:42.433,,,,1,2,Procter & Gamble,T2,1,1
PHG,"{'cantidadCompra': 400.0, 'precioCompra': 4383.5, 'precioVenta': 4446.0, 'cantidadVenta': 9700.0}",4381.0,-0.43,4400.0,4450.0,4339.0,4381.0,183.0,12.0,2023-12-29T13:41:29.607,,,,1,1,Phillips Electronics,T2,1,1
PKS,"{'cantidadCompra': 26.0, 'precioCompra': 27500.0, 'precioVenta': 29800.0, 'cantidadVenta': 1.0}",29650.0,-1.88,30250.0,30907.0,29413.5,29650.0,73.0,22.0,2023-12-29T13:40:30.823,,,,1,1,Posco Holdings Inc.,T2,1,1
PSX,"{'cantidadCompra': 80.0, 'precioCompra': 21037.5, 'precioVenta': 21272.5, 'cantidadVenta': 80.0}",20841.0,0.18,21237.0,21237.0,20841.0,20841.0,88.0,3.0,2023-12-29T12:20:57.637,,,,1,1,Phillips 66,T2,1,1
PSXC,,0.0,0.0,0.0,0.0,0.0,0.0,0.0,0.0,2023-12-29T03:00:34.667,,,,1,2,Phillips 66,T2,1,1
PSXD,"{'cantidadCompra': 1.0, 'precioCompra': 20.0, 'precioVenta': 0.0, 'cantidadVenta': 0.0}",20.0,0.0,20.0,20.0,20.0,20.0,0.0,0.0,2023-12-29T03:00:09.46,,,,1,2,Phillips 66,T2,1,1
PYPL,"{'cantidadCompra': 13.0, 'precioCompra': 7300.0, 'precioVenta': 7329.5, 'cantidadVenta': 180.0}",7300.0,-1.88,7390.5,7736.5,7223.0,7300.0,5663.0,282.0,2023-12-29T13:45:39.74,,,,1,1,Paypal Holdings Inc.,T2,1,1
PYPLD,"{'cantidadCompra': 80.0, 'precioCompra': 7.5, 'precioVenta': 7.75, 'cantidadVenta': 65.0}",7.5,-4.33,7.84,7.84,7.5,7.5,89.0,11.0,2023-12-29T13:15:46.123,,,,1,2,Paypal Holdings Inc.,T2,1,1
QCOM,"{'cantidadCompra': 120.0, 'precioCompra': 12450.5, 'precioVenta': 12515.0, 'cantidadVenta': 2800.0}",12506.5,-0.16,12525.0,13100.0,12258.5,12506.5,1328.0,95.0,2023-12-29T13:43:02.99,,,,1,1,Qualcomm,T2,1,1
QCOMC,,14.25,0.0,14.25,14.25,14.25,14.25,0.0,0.0,2023-12-27T03:00:05.6,,,,1,2,Qualcomm,T2,1,1
QCOMD,"{'cantidadCompra': 31.0, 'precioCompra': 12.3, 'precioVenta': 13.1, 'cantidadVenta': 66.0}",13.1,-0.38,13.0,13.1,12.5,13.1,43.0,5.0,2023-12-29T12:20:57.643,,,,1,2,Qualcomm,T2,1,1
QQQ,"{'cantidadCompra': 100.0, 'precioCompra': 19359.0, 'precioVenta': 19487.5, 'cantidadVenta': 7100.0}",19487.0,0.41,20182.0,20400.0,19127.5,19487.0,8165.0,936.0,2023-12-29T13:46:00.593,,,,1,1,Etf Invesco Qqq Trust,T2,1,1
QQQD,"{'cantidadCompra': 30.0, 'precioCompra': 20.15, 'precioVenta': 20.55, 'cantidadVenta': 124.0}",20.15,0.24,20.5,20.75,20.15,20.15,543.0,83.0,2023-12-29T13:45:48.45,,,,1,2,Etf Invesco Qqq Trust,T2,1,1
RBLX,"{'cantidadCompra': 100.0, 'precioCompra': 21802.5, 'precioVenta': 22112.5, 'cantidadVenta': 1900.0}",21750.0,-1.13,22000.0,22864.0,21548.5,21750.0,459.0,20.0,2023-12-29T13:13:13.593,,,,1,1,Roblox Corporation,T2,1,1
RBLXD,"{'cantidadCompra': 5.0, 'precioCompra': 10.8, 'precioVenta': 0.0, 'cantidadVenta': 0.0}",16.9,0.0,16.9,16.9,16.9,16.9,0.0,0.0,2023-12-29T03:00:10.747,,,,1,2,Roblox Corporation,T2,1,1
RIO,"{'cantidadCompra': 1800.0, 'precioCompra': 17474.0, 'precioVenta': 17640.0, 'cantidadVenta': 24.0}",17481.0,-0.56,17580.5,18299.0,17252.0,17481.0,501.0,150.0,2023-12-29T13:45:19.43,,,,1,1,Rio Tinto,T2,1,1
RIOD,"{'cantidadCompra': 34.0, 'precioCompra': 17.0, 'precioVenta': 19.0, 'cantidadVenta': 8.0}",18.45,-1.86,18.8,18.8,18.45,18.45,5.0,3.0,2023-12-29T12:20:57.65,,,,1,2,Rio Tinto,T2,1,1
RTX,"{'cantidadCompra': 1.0, 'precioCompra': 8000.0, 'precioVenta': 16340.5, 'cantidadVenta': 9.0}",15833.0,-0.26,15898.5,16341.0,15833.0,15833.0,146.0,19.0,2023-12-29T13:44:39.527,,,,1,1,United Technologies,T2,1,1
SAN,"{'cantidadCompra': 2300.0, 'precioCompra': 15528.0, 'precioVenta': 15790.0, 'cantidadVenta': 46.0}",15730.0,1.34,16116.5,16116.5,15730.0,15730.0,15.0,3.0,2023-12-29T12:27:54.697,,,,1,1,Banco Santander (Cedear),T2,1,1
SAP,"{'cantidadCompra': 80.0, 'precioCompra': 24277.0, 'precioVenta': 24692.5, 'cantidadVenta': 80.0}",24586.0,2.05,24586.0,24586.0,24586.0,24586.0,75.0,1.0,2023-12-29T12:20:57.653,,,,1,1,SAP,T2,1,1
SATL,"{'cantidadCompra': 141.0, 'precioCompra': 1611.0, 'precioVenta': 1617.0, 'cantidadVenta': 115.0}",1617.0,-0.85,1668.5,1694.0,1600.0,1617.0,3983.0,169.0,2023-12-29T13:45:54.167,,,,1,1,Satellogic Inc.,T2,1,1
SATLD,"{'cantidadCompra': 10.0, 'precioCompra': 1.55, 'precioVenta': 1.85, 'cantidadVenta': 1.0}",1.85,-2.11,1.85,1.85,1.85,1.85,10.0,1.0,2023-12-29T12:32:19.75,,,,1,2,Satellogic Inc.,T2,1,1
SBS,"{'cantidadCompra': 80.0, 'precioCompra': 28724.5, 'precioVenta': 29061.5, 'cantidadVenta': 1600.0}",28754.0,0.5,28897.0,28897.0,28754.0,28754.0,17.0,2.0,2023-12-29T12:20:57.653,,,,1,1,COMPANHIA DE SANEAMENTO BÁSICO DO ESTADO DE SÃO PAULO-SABESP,T2,1,1
SBUX,"{'cantidadCompra': 22.0, 'precioCompra': 21100.0, 'precioVenta': 23000.0, 'cantidadVenta': 10.0}",22874.5,1.1,23150.0,23653.5,22425.0,22874.5,574.0,135.0,2023-12-29T13:43:24.127,,,,1,1,Starbucks,T2,1,1
SCCO,"{'cantidadCompra': 40.0, 'precioCompra': 40080.0, 'precioVenta': 41100.0, 'cantidadVenta': 40.0}",39769.5,-3.0,41455.0,41455.0,39769.0,39769.5,19.0,7.0,2023-12-29T12:56:08.123,,,,1,1,Southern Copper,T2,1,1
SD,,0.0,0.0,0.0,0.0,0.0,0.0,0.0,0.0,2023-12-29T03:00:12.55,,,,1,1,SandRidge Energy,T2,1,1
SE,"{'cantidadCompra': 30.0, 'precioCompra': 1205.0, 'precioVenta': 1220.5, 'cantidadVenta': 16200.0}",1214.0,1.12,1180.0,1250.0,1180.0,1214.0,9064.0,129.0,2023-12-29T13:41:40.63,,,,1,1,Sea Ltd.,T2,1,1
SED,"{'cantidadCompra': 15.0, 'precioCompra': 1.18, 'precioVenta': 1.3, 'cantidadVenta': 11.0}",1.25,-2.34,1.3,1.3,1.25,1.25,5.0,2.0,2023-12-29T12:20:57.657,,,,1,2,Sea Ltd.,T2,1,1
SHEL,"{'cantidadCompra': 1100.0, 'precioCompra': 31006.0, 'precioVenta': 31350.0, 'cantidadVenta': 2.0}",31492.0,2.89,30605.5,31500.0,30605.5,31492.0,255.0,30.0,2023-12-29T13:39:03.237,,,,1,1,Shell Plc,T2,1,1
SHOP,"{'cantidadCompra': 510.0, 'precioCompra': 652.0, 'precioVenta': 699.0, 'cantidadVenta': 6.0}",689.5,1.39,695.0,735.0,676.0,689.5,5899.0,344.0,2023-12-29T13:44:04.523,,,,1,1,Shopify Inc.,T2,1,1
SHOPC,,14.15,0.0,14.15,14.15,14.15,14.15,0.0,0.0,2023-12-29T03:00:05.403,,,,1,2,Shopify Inc.,T2,1,1
SHOPD,"{'cantidadCompra': 6.0, 'precioCompra': 0.72, 'precioVenta': 0.734, 'cantidadVenta': 5.0}",0.734,1.94,0.72,0.735,0.7,0.734,102.0,12.0,2023-12-29T13:41:51.59,,,,1,2,Shopify Inc.,T2,1,1
SI,,22.45,0.0,62.5,62.5,22.0,22.45,0.0,0.0,2023-12-29T03:00:22.15,,,,1,1,Silvergate Capital Corporation,T2,1,1
SI.C,,0.0,0.0,0.0,0.0,0.0,0.0,0.0,0.0,2023-12-27T03:00:24.42,,,,1,2,Silvergate Capital Corporation,T2,1,1
SI.D,,0.221,0.0,0.22,0.231,0.22,0.221,0.0,0.0,2023-12-29T03:00:02.86,,,,1,2,Silvergate Capital Corporation,T2,1,1
SID,"{'cantidadCompra': 70.0, 'precioCompra': 29580.0, 'precioVenta': 29884.0, 'cantidadVenta': 1300.0}",30146.5,-0.24,30700.0,30700.0,30146.5,30146.5,2.0,2.0,2023-12-29T12:20:57.663,,,,1,1,Companhia Siderúrgica Nacional,T2,1,1
SIEGY,,4950.0,0.0,8050.0,8050.0,8050.0,4950.0,0.0,0.0,2023-12-29T03:00:11.007,,,,1,1,Siemens Ag Adr,T2,1,1
SLB,"{'cantidadCompra': 1800.0, 'precioCompra': 16340.0, 'precioVenta': 16597.5, 'cantidadVenta': 1800.0}",16440.0,0.91,16850.0,16850.0,16300.0,16440.0,81.0,20.0,2023-12-29T13:43:27.3,,,,1,1,Schlumberger,T2,1,1
SLBD,"{'cantidadCompra': 10.0, 'precioCompra': 4.0, 'precioVenta': 19.6, 'cantidadVenta': 2.0}",19.5,0.0,19.5,19.5,19.5,19.5,0.0,0.0,2023-12-29T03:00:15.827,,,,1,2,Schlumberger,T2,1,1
SMSN,,0.0,0.0,0.0,0.0,0.0,0.0,0.0,0.0,2023-12-29T03:00:05.967,,,,1,1,SAMSUNG ELECTRONICS CO. LTD.,T2,1,1
SNA,"{'cantidadCompra': 40.0, 'precioCompra': 45286.5, 'precioVenta': 45954.0, 'cantidadVenta': 1.0}",45900.0,2.01,45833.0,45900.0,45833.0,45900.0,6.0,4.0,2023-12-29T13:11:01.077,,,,1,1,Snap-On,T2,1,1
SNAP,"{'cantidadCompra': 160.0, 'precioCompra': 15948.5, 'precioVenta': 16204.5, 'cantidadVenta': 3100.0}",16581.5,3.11,16200.0,16705.0,16200.0,16581.5,48.0,4.0,2023-12-29T12:20:57.667,,,,1,1,Snap Inc.,T2,1,1
SNOW,"{'cantidadCompra': 280.0, 'precioCompra': 6272.5, 'precioVenta': 6351.0, 'cantidadVenta': 6200.0}",6342.0,-0.01,6400.0,6501.5,6224.5,6342.0,1088.0,16.0,2023-12-29T13:41:56.34,,,,1,1,Snowflake Inc.,T2,1,1
SNOWC,,9.9,0.0,9.9,9.9,9.9,9.9,0.0,0.0,2023-12-29T03:00:01.1,,,,1,2,Snowflake Inc,T2,1,1
SNOWD,,6.61,0.0,6.61,6.61,6.61,6.61,10.0,1.0,2023-12-29T12:34:12.55,,,,1,2,Snowflake Inc,T2,1,1
SNPTY,,4645.5,0.0,4600.0,4645.5,4570.0,4645.5,0.0,0.0,2023-12-29T03:00:25.17,,,,1,1,Sinopec,T2,1,1
SONY,"{'cantidadCompra': 1500.0, 'precioCompra': 22288.0, 'precioVenta': 22550.0, 'cantidadVenta': 3.0}",22538.5,0.9,23380.5,23509.5,22194.0,22538.5,72.0,21.0,2023-12-29T13:30:11.107,,,,1,1,Sony Corporation,T2,1,1
SPGI,"{'cantidadCompra': 180.0, 'precioCompra': 9239.0, 'precioVenta': 9347.5, 'cantidadVenta': 180.0}",9250.5,0.5,9250.0,9710.5,9157.5,9250.5,385.0,23.0,2023-12-29T13:25:17.107,,,,1,1,S&P GLOBAL INC.,T2,1,1
SPGID,"{'cantidadCompra': 3.0, 'precioCompra': 9.25, 'precioVenta': 9.85, 'cantidadVenta': 3.0}",9.3,-4.9,9.3,9.3,9.3,9.3,2.0,1.0,2023-12-29T12:23:27.877,,,,1,2,S&P Global Inc.,T2,1,1
SPOT,"{'cantidadCompra': 300.0, 'precioCompra': 6382.5, 'precioVenta': 6455.5, 'cantidadVenta': 7200.0}",6442.0,1.2,6405.0,6709.5,6288.0,6442.0,368.0,87.0,2023-12-29T13:45:22.76,,,,1,1,Spotify Technology S.A.,T2,1,1
SPOTC,,0.0,0.0,0.0,0.0,0.0,0.0,0.0,0.0,2023-12-29T03:00:00.133,,,,1,2,Spotify Technology S.A.,T2,1,1
SPOTD,"{'cantidadCompra': 5.0, 'precioCompra': 5.6, 'precioVenta': 6.8, 'cantidadVenta': 9.0}",6.85,3.94,6.69,6.85,6.69,6.85,15.0,4.0,2023-12-29T12:22:09.227,,,,1,2,Spotify Technology S.A.,T2,1,1
SPY,"{'cantidadCompra': 6.0, 'precioCompra': 22607.0, 'precioVenta': 22640.0, 'cantidadVenta': 235.0}",22640.0,1.5,22490.0,23400.0,22035.5,22640.0,68035.0,4046.0,2023-12-29T13:46:18.187,,,,1,1,Etf Spdr S&P 500,T2,1,1
SPYD,"{'cantidadCompra': 1.0, 'precioCompra': 23.4, 'precioVenta': 23.7, 'cantidadVenta': 1.0}",23.7,0.0,23.95,23.95,22.7,23.7,3143.0,273.0,2023-12-29T13:43:03.663,,,,1,2,Etf Spdr S&P 500,T2,1,1
SQ,"{'cantidadCompra': 400.0, 'precioCompra': 3639.5, 'precioVenta': 3670.0, 'cantidadVenta': 107.0}",3669.0,-1.64,3775.5,3943.5,3586.5,3669.0,2271.0,74.0,2023-12-29T13:44:00.057,,,,1,1,Square Inc.,T2,1,1
SQC,,13.25,0.0,13.25,13.25,13.25,13.25,0.0,0.0,2023-12-13T03:00:06.703,,,,1,2,Square Inc,T2,1,1
SQD,"{'cantidadCompra': 50.0, 'precioCompra': 1.65, 'precioVenta': 3.9, 'cantidadVenta': 400.0}",3.95,0.0,3.95,3.95,3.95,3.95,3.0,1.0,2023-12-29T12:35:50.7,,,,1,2,Square Inc,T2,1,1
SUZ,"{'cantidadCompra': 160.0, 'precioCompra': 10743.0, 'precioVenta': 10885.5, 'cantidadVenta': 3700.0}",10675.0,0.5,10621.0,10675.0,10621.0,10675.0,3.0,2.0,2023-12-29T12:20:57.683,,,,1,1,Suzano,T2,1,1
SYY,"{'cantidadCompra': 140.0, 'precioCompra': 8617.5, 'precioVenta': 8728.0, 'cantidadVenta': 3540.0}",8614.0,-0.95,9026.5,9056.5,8614.0,8614.0,63.0,15.0,2023-12-29T13:21:49.997,,,,1,1,Sysco,T2,1,1
T,"{'cantidadCompra': 2.0, 'precioCompra': 5170.0, 'precioVenta': 5350.0, 'cantidadVenta': 1.0}",5336.5,1.37,5324.0,5598.0,5199.0,5336.5,39373.0,397.0,2023-12-29T13:41:48.45,,,,1,1,At&T,T2,1,1
TCOM,"{'cantidadCompra': 7.0, 'precioCompra': 15600.0, 'precioVenta': 16200.0, 'cantidadVenta': 1.0}",15619.0,0.0,15619.0,15619.0,15619.0,15619.0,0.0,0.0,2023-12-29T03:00:18.85,,,,1,1,Trip.com Group,T2,1,1
TD,"{'cantidadCompra': 3.0, 'precioCompra': 5.5, 'precioVenta': 5.9, 'cantidadVenta': 10.0}",5.7,3.63,5.65,5.72,5.41,5.7,67.0,13.0,2023-12-29T13:29:52.22,,,,1,2,AT&T,T2,1,1
TEFO,"{'cantidadCompra': 127.0, 'precioCompra': 451.0, 'precioVenta': 466.5, 'cantidadVenta': 5.0}",466.5,1.63,459.0,471.0,447.0,466.5,444.0,39.0,2023-12-29T13:44:41.517,,,,1,1,Telefonica Sa,T2,1,1
TEN,"{'cantidadCompra': 1.0, 'precioCompra': 32999.0, 'precioVenta': 34399.0, 'cantidadVenta': 5.0}",33163.0,0.38,33149.5,34679.5,32611.0,33163.0,2106.0,111.0,2023-12-29T13:45:36.247,,,,1,1,Tenaris,T2,1,1
TEND,"{'cantidadCompra': 11.0, 'precioCompra': 31.0, 'precioVenta': 35.65, 'cantidadVenta': 50.0}",37.0,-4.63,37.5,38.0,37.0,37.0,78.0,7.0,2023-12-29T13:28:23.167,,,,1,2,Tenaris,T2,1,1
TGT,"{'cantidadCompra': 250.0, 'precioCompra': 5593.5, 'precioVenta': 5661.5, 'cantidadVenta': 4600.0}",5591.0,-0.08,5650.0,5818.0,5560.5,5591.0,1046.0,24.0,2023-12-29T13:42:12.453,,,,1,1,Target Corporation,T2,1,1
TIMB,"{'cantidadCompra': 1.0, 'precioCompra': 17210.0, 'precioVenta': 17635.5, 'cantidadVenta': 100.0}",17208.5,0.0,16426.5,17208.5,16426.5,17208.5,0.0,0.0,2023-12-29T03:00:05.467,,,,1,1,Tim Participações S.A.,T2,1,1
TM,"{'cantidadCompra': 1.0, 'precioCompra': 34000.0, 'precioVenta': 35255.0, 'cantidadVenta': 9.0}",34531.5,0.78,35000.0,36309.5,34400.0,34531.5,378.0,71.0,2023-12-29T13:40:18.33,,,,1,1,Toyota Motors,T2,1,1
TMD,"{'cantidadCompra': 1.0, 'precioCompra': 34.4, 'precioVenta': 38.2, 'cantidadVenta': 1.0}",38.2,0.92,38.2,38.2,38.2,38.2,74.0,6.0,2023-12-29T12:55:15.05,,,,1,2,Toyota Motors,T2,1,1
TMO,"{'cantidadCompra': 60.0, 'precioCompra': 22800.0, 'precioVenta': 23110.0, 'cantidadVenta': 1300.0}",22953.0,0.25,23400.0,23643.0,22951.0,22953.0,189.0,8.0,2023-12-29T13:43:23.353,,,,1,1,Thermo Fisher Scientific Inc.,T2,1,1
TRIP,"{'cantidadCompra': 37.0, 'precioCompra': 9950.0, 'precioVenta': 10311.0, 'cantidadVenta': 200.0}",10313.0,2.33,10082.0,10313.0,9896.5,10313.0,24.0,10.0,2023-12-29T13:35:33.227,,,,1,1,Tripadvisor Inc.,T2,1,1
TSLA,"{'cantidadCompra': 132.0, 'precioCompra': 15840.0, 'precioVenta': 15848.0, 'cantidadVenta': 514.0}",15824.0,-0.75,15951.0,17180.0,15541.0,15824.0,14576.0,1305.0,2023-12-29T13:45:51.03,,,,1,1,Tesla,T2,1,1
TSLAC,,48.6,0.0,48.6,48.6,48.6,48.6,0.0,0.0,2023-12-29T03:00:18.487,,,,1,2,Tesla,T2,1,1
TSLAD,"{'cantidadCompra': 15.0, 'precioCompra': 16.5, 'precioVenta': 16.55, 'cantidadVenta': 57.0}",16.5,-1.19,17.0,17.0,16.2,16.5,1024.0,114.0,2023-12-29T13:44:30.877,,,,1,2,Tesla,T2,1,1
TSM,"{'cantidadCompra': 140.0, 'precioCompra': 10951.0, 'precioVenta': 11028.5, 'cantidadVenta': 3100.0}",10950.5,0.44,11000.0,11694.0,10802.5,10950.5,452.0,105.0,2023-12-29T13:43:59.427,,,,1,1,Taiwan Semiconductor Manufacturing Cedear,T2,1,1
TTE,"{'cantidadCompra': 80.0, 'precioCompra': 21227.5, 'precioVenta': 21449.0, 'cantidadVenta': 1600.0}",21216.5,1.04,21370.0,21652.5,21000.0,21216.5,176.0,10.0,2023-12-29T13:29:05.9,,,,1,1,Total,T2,1,1
TV,"{'cantidadCompra': 1.0, 'precioCompra': 1065.0, 'precioVenta': 1092.5, 'cantidadVenta': 1000.0}",1065.0,1.76,1046.5,1114.0,1046.5,1065.0,10.0,5.0,2023-12-29T13:36:08.367,,,,1,1,Grupo Televisa,T2,1,1
TVC,,0.0,0.0,0.0,0.0,0.0,0.0,0.0,0.0,2023-12-28T03:01:25.617,,,,1,2,Grupo Televisa,T2,1,1
TVD,,0.0,0.0,0.0,0.0,0.0,0.0,0.0,0.0,2023-12-29T03:00:04.8,,,,1,2,Grupo Televisa,T2,1,1
TWLO,"{'cantidadCompra': 800.0, 'precioCompra': 1984.0, 'precioVenta': 2030.0, 'cantidadVenta': 19400.0}",1980.0,-0.22,2050.0,2081.5,1980.0,1980.0,411.0,13.0,2023-12-29T13:01:41.55,,,,1,1,TWILIO INC.,T2,1,1
TWLOD,"{'cantidadCompra': 25.0, 'precioCompra': 1.31, 'precioVenta': 2.19, 'cantidadVenta': 25.0}",2.1,0.0,2.1,2.1,2.1,2.1,0.0,0.0,2023-12-29T03:00:20.643,,,,1,2,Twilio Inc.,T2,1,1
TWTR,,8311.0,0.0,8180.0,8320.0,8180.0,8311.0,0.0,0.0,2023-12-13T03:00:08.663,,,,1,1,Twitter,T2,1,1
TWTRD,,28.0,0.0,27.6,28.0,27.0,28.0,0.0,0.0,2023-12-29T03:00:02.93,,,,1,2,Twitter,T2,1,1
TXN,"{'cantidadCompra': 40.0, 'precioCompra': 32181.0, 'precioVenta': 32544.0, 'cantidadVenta': 1000.0}",32500.0,0.87,32000.0,33317.5,31822.0,32500.0,140.0,36.0,2023-12-29T13:42:01.337,,,,1,1,Texas Instruments,T2,1,1
TXND,,33.0,0.0,33.0,33.0,33.0,33.0,0.0,0.0,2023-12-29T03:00:18.253,,,,1,2,Texas Instruments,T2,1,1
TXR,"{'cantidadCompra': 5.0, 'precioCompra': 18500.0, 'precioVenta': 19881.0, 'cantidadVenta': 35.0}",20000.0,0.59,20600.0,20998.0,19712.0,20000.0,1354.0,46.0,2023-12-29T13:40:13.907,,,,1,1,Ternium,T2,1,1
TXRD,"{'cantidadCompra': 13.0, 'precioCompra': 19.0, 'precioVenta': 22.15, 'cantidadVenta': 23.0}",19.1,0.0,19.1,19.1,19.1,19.1,0.0,0.0,2023-12-29T03:00:17.887,,,,1,2,Ternium,T2,1,1
UAL,"{'cantidadCompra': 1.0, 'precioCompra': 7000.0, 'precioVenta': 8295.5, 'cantidadVenta': 7.0}",7913.5,0.32,8042.0,8217.0,7725.5,7913.5,227.0,20.0,2023-12-29T13:38:15.56,,,,1,1,"United Airlines Holdings, Inc.",T2,1,1
UALD,"{'cantidadCompra': 25.0, 'precioCompra': 3.6, 'precioVenta': 11.7, 'cantidadVenta': 3.0}",11.0,0.0,11.0,11.0,11.0,11.0,0.0,0.0,2023-12-29T03:00:05.92,,,,1,2,"United Airlines Holdings, Inc.",T2,1,1
UBER,"{'cantidadCompra': 80.0, 'precioCompra': 29150.0, 'precioVenta': 29483.5, 'cantidadVenta': 1900.0}",29450.0,0.05,29434.0,30852.0,29291.5,29450.0,402.0,19.0,2023-12-29T12:40:03.433,,,,1,1,"Uber Technologies, Inc.",T2,1,1
UBERD,"{'cantidadCompra': 1.0, 'precioCompra': 28.0, 'precioVenta': 0.0, 'cantidadVenta': 0.0}",28.0,0.0,28.0,28.0,28.0,28.0,0.0,0.0,2023-12-29T03:00:10.12,,,,1,2,"Uber Technologies, Inc.",T2,1,1
UGP,"{'cantidadCompra': 500.0, 'precioCompra': 5104.0, 'precioVenta': 5195.0, 'cantidadVenta': 500.0}",5090.0,-1.54,5147.5,5147.5,5090.0,5090.0,273.0,5.0,2023-12-29T13:06:17.583,,,,1,1,Ultrapar Participacoes,T2,1,1
UL,"{'cantidadCompra': 6.0, 'precioCompra': 15246.0, 'precioVenta': 15503.0, 'cantidadVenta': 80.0}",15503.5,1.69,14483.0,15504.0,14483.0,15503.5,320.0,31.0,2023-12-29T13:40:14.27,,,,1,1,Unilever,T2,1,1
UNH,"{'cantidadCompra': 5.0, 'precioCompra': 15151.0, 'precioVenta': 15215.0, 'cantidadVenta': 2200.0}",15215.0,1.05,15100.0,15957.0,14799.5,15215.0,840.0,89.0,2023-12-29T13:45:57.187,,,,1,1,UnitedHealth Group Inc.,T2,1,1
UNHC,,15.4,0.0,15.4,15.4,15.4,15.4,0.0,0.0,2023-12-28T03:01:25.627,,,,1,2,UnitedHealth Group Inc.,T2,1,1
UNHD,"{'cantidadCompra': 25.0, 'precioCompra': 15.2, 'precioVenta': 15.0, 'cantidadVenta': 7.0}",15.15,0.0,15.15,15.2,15.15,15.15,25.0,6.0,2023-12-29T13:41:01.313,,,,1,2,UnitedHealth Group Inc.,T2,1,1
UNP,"{'cantidadCompra': 140.0, 'precioCompra': 11598.0, 'precioVenta': 11721.0, 'cantidadVenta': 140.0}",11719.0,0.93,11743.5,11800.0,11411.0,11719.0,338.0,11.0,2023-12-29T13:43:02.1,,,,1,1,Union Pacific Corp.,T2,1,1
UNPC,,0.0,0.0,0.0,0.0,0.0,0.0,0.0,0.0,2023-12-27T03:00:23.277,,,,1,2,Union Pacific Corp.,T2,1,1
UNPD,"{'cantidadCompra': 2.0, 'precioCompra': 10.5, 'precioVenta': 0.0, 'cantidadVenta': 0.0}",11.0,0.0,11.0,11.0,11.0,11.0,0.0,0.0,2023-12-29T03:00:13.82,,,,1,2,Union Pacific Corp.,T2,1,1
UPST,"{'cantidadCompra': 30.0, 'precioCompra': 7640.0, 'precioVenta': 7700.5, 'cantidadVenta': 9900.0}",7700.0,-8.82,8446.0,8999.5,7495.5,7700.0,7306.0,218.0,2023-12-29T13:44:00.03,,,,1,1,"Upstart Holdings, Inc.",T2,1,1
UPSTD,"{'cantidadCompra': 2.0, 'precioCompra': 4.2, 'precioVenta': 8.9, 'cantidadVenta': 18.0}",8.9,-3.99,8.9,8.9,8.9,8.9,40.0,1.0,2023-12-29T12:20:57.727,,,,1,2,"Upstart Holdings, Inc.",T2,1,1
USB,"{'cantidadCompra': 200.0, 'precioCompra': 8194.0, 'precioVenta': 8287.0, 'cantidadVenta': 3400.0}",8193.5,1.05,8400.0,8467.0,8107.5,8193.5,98.0,16.0,2023-12-29T13:28:01.71,,,,1,1,CEDEAR U.S.Banco,T2,1,1
V,"{'cantidadCompra': 75.0, 'precioCompra': 13355.5, 'precioVenta': 13705.5, 'cantidadVenta': 18.0}",13789.5,0.92,14209.0,14430.0,13548.0,13789.5,2444.0,187.0,2023-12-29T13:44:39.607,,,,1,1,Visa ,T2,1,1
VALE,"{'cantidadCompra': 1.0, 'precioCompra': 7404.0, 'precioVenta': 7563.5, 'cantidadVenta': 1.0}",7525.0,0.48,7500.0,7885.0,7380.0,7525.0,22058.0,192.0,2023-12-29T13:45:49.98,,,,1,1,Vale,T2,1,1
VALED,"{'cantidadCompra': 1.0, 'precioCompra': 7.78, 'precioVenta': 7.9, 'cantidadVenta': 50.0}",7.84,0.51,8.0,8.08,7.8,7.84,230.0,10.0,2023-12-29T12:37:11.223,,,,1,2,Vale,T2,1,1
VD,"{'cantidadCompra': 22.0, 'precioCompra': 13.7, 'precioVenta': 14.4, 'cantidadVenta': 10.0}",13.7,-4.52,14.4,14.5,13.3,13.7,215.0,24.0,2023-12-29T13:46:06.513,,,,1,2,Visa ,T2,1,1
VIST,"{'cantidadCompra': 80.0, 'precioCompra': 27803.0, 'precioVenta': 27979.5, 'cantidadVenta': 1900.0}",27998.5,1.33,27501.0,28735.5,27000.0,27998.5,16390.0,659.0,2023-12-29T13:45:57.263,,,,1,1,Vista Energy S.A.B. De C.V.,T2,1,1
VISTD,"{'cantidadCompra': 6.0, 'precioCompra': 28.8, 'precioVenta': 29.45, 'cantidadVenta': 157.0}",28.85,-0.85,29.9,29.9,28.7,28.85,366.0,46.0,2023-12-29T13:43:12.483,,,,1,2,Vista Energy S.A.B. De C.V.,T2,1,1
VIV,"{'cantidadCompra': 4400.0, 'precioCompra': 10275.5, 'precioVenta': 10445.5, 'cantidadVenta': 4400.0}",10250.5,-1.58,10274.0,10274.0,10250.5,10250.5,5.0,4.0,2023-12-29T13:12:46.42,,,,1,1,Telefonica Brasil,T2,1,1
VOD,"{'cantidadCompra': 1.0, 'precioCompra': 8275.0, 'precioVenta': 8300.0, 'cantidadVenta': 32.0}",8300.0,1.84,8103.0,8692.5,8103.0,8300.0,879.0,52.0,2023-12-29T13:42:07.613,,,,1,1,Vodafone Group,T2,1,1
VRSN,"{'cantidadCompra': 40.0, 'precioCompra': 32377.5, 'precioVenta': 32705.0, 'cantidadVenta': 1000.0}",32309.5,-0.23,32844.0,32844.0,32309.5,32309.5,20.0,2.0,2023-12-29T13:10:17.117,,,,1,1,Verisign,T2,1,1
VZ,"{'cantidadCompra': 27.0, 'precioCompra': 17900.0, 'precioVenta': 17964.5, 'cantidadVenta': 1700.0}",17964.5,1.79,17650.0,18458.5,16700.0,17964.5,678.0,132.0,2023-12-29T13:45:25.423,,,,1,1,Verizon Communications,T2,1,1
VZD,"{'cantidadCompra': 10.0, 'precioCompra': 18.0, 'precioVenta': 18.85, 'cantidadVenta': 5.0}",18.0,-2.7,18.7,18.8,18.0,18.0,37.0,12.0,2023-12-29T13:19:52.433,,,,1,2,Verizon Communications,T2,1,1
WBA,"{'cantidadCompra': 14.0, 'precioCompra': 8140.0, 'precioVenta': 8233.0, 'cantidadVenta': 2700.0}",8236.0,-0.04,8300.0,8500.0,7859.0,8236.0,635.0,146.0,2023-12-29T13:46:09.09,,,,1,1,Walgreens Boots Alliance Inc.,T2,1,1
WBAC,,0.0,0.0,0.0,0.0,0.0,0.0,0.0,0.0,2023-12-29T03:00:02.167,,,,1,2,Walgreens Boots Alliance Inc,T2,1,1
WBAD,"{'cantidadCompra': 12.0, 'precioCompra': 8.35, 'precioVenta': 9.94, 'cantidadVenta': 110.0}",8.6,-1.14,8.6,8.6,8.6,8.6,2.0,1.0,2023-12-29T12:20:57.74,,,,1,2,Walgreens Boots Alliance Inc,T2,1,1
WBO,"{'cantidadCompra': 8600.0, 'precioCompra': 1704.0, 'precioVenta': 1730.0, 'cantidadVenta': 284.0}",1730.0,1.64,1720.0,1824.0,1695.5,1730.0,749.0,49.0,2023-12-29T13:35:17.9,,,,1,1,CEDEAR WEIBO CORPORATION,T2,1,1
WFC,"{'cantidadCompra': 160.0, 'precioCompra': 9330.5, 'precioVenta': 9414.5, 'cantidadVenta': 3400.0}",9330.0,0.83,9489.0,9763.0,9246.5,9330.0,7472.0,24.0,2023-12-29T13:44:33.413,,,,1,1,Wells Fargo,T2,1,1
WFCC,,7.5,0.0,7.5,7.5,7.5,7.5,0.0,0.0,2023-12-29T03:00:26.057,,,,1,2,Wells Fargo,T2,1,1
WFCD,"{'cantidadCompra': 3.0, 'precioCompra': 8.5, 'precioVenta': 10.0, 'cantidadVenta': 56.0}",9.75,0.0,9.75,9.75,9.75,9.75,2.0,1.0,2023-12-29T12:30:42.79,,,,1,2,Wells Fargo,T2,1,1
WMT,"{'cantidadCompra': 7.0, 'precioCompra': 25010.0, 'precioVenta': 25077.5, 'cantidadVenta': 1400.0}",25079.5,1.82,25000.0,25900.0,24529.0,25079.5,5383.0,582.0,2023-12-29T13:43:55.493,,,,1,1,Walmart,T2,1,1
WMTD,"{'cantidadCompra': 35.0, 'precioCompra': 25.7, 'precioVenta': 26.15, 'cantidadVenta': 41.0}",25.7,0.19,25.0,26.0,25.0,25.7,70.0,18.0,2023-12-29T13:45:47.11,,,,1,2,Walmart,T2,1,1
X,"{'cantidadCompra': 180.0, 'precioCompra': 15377.5, 'precioVenta': 15526.0, 'cantidadVenta': 3500.0}",15377.0,0.6,15485.5,15850.0,15164.0,15377.0,2051.0,78.0,2023-12-29T13:34:09.573,,,,1,1,United States Steel,T2,1,1
XD,"{'cantidadCompra': 1.0, 'precioCompra': 15.25, 'precioVenta': 15.25, 'cantidadVenta': 1.0}",14.55,-4.9,14.55,14.55,14.55,14.55,9.0,1.0,2023-12-29T12:20:57.747,,,,1,2,United States Steel,T2,1,1
XLE,"{'cantidadCompra': 7.0, 'precioCompra': 39644.0, 'precioVenta': 40054.5, 'cantidadVenta': 2700.0}",39644.0,-0.36,39150.0,41000.0,38932.0,39644.0,3493.0,195.0,2023-12-29T13:44:46.907,,,,1,1,Etf Spdr Energy Sector,T2,1,1
XLED,"{'cantidadCompra': 8.0, 'precioCompra': 41.35, 'precioVenta': 42.55, 'cantidadVenta': 26.0}",42.5,-0.23,42.6,42.6,41.35,42.5,46.0,8.0,2023-12-29T13:28:13.903,,,,1,2,Etf Spdr Energy Sector,T2,1,1
XLF,"{'cantidadCompra': 23.0, 'precioCompra': 17900.0, 'precioVenta': 17954.5, 'cantidadVenta': 6300.0}",17954.5,0.78,18500.0,18916.0,17595.5,17954.5,1101.0,148.0,2023-12-29T13:46:15.12,,,,1,1,Etf Spdr Financial Sector,T2,1,1
XLFD,"{'cantidadCompra': 49.0, 'precioCompra': 18.5, 'precioVenta': 18.7, 'cantidadVenta': 2.0}",18.4,-0.54,18.9,18.9,18.35,18.4,22.0,9.0,2023-12-29T12:53:42.177,,,,1,2,Etf Spdr Financial Sector,T2,1,1
XOM,"{'cantidadCompra': 60.0, 'precioCompra': 18998.0, 'precioVenta': 19090.5, 'cantidadVenta': 1400.0}",18997.5,1.02,18600.0,19782.0,18600.0,18997.5,2694.0,314.0,2023-12-29T13:43:02.997,,,,1,1,Exxon Mobil,T2,1,1
XOMD,"{'cantidadCompra': 1.0, 'precioCompra': 19.65, 'precioVenta': 20.3, 'cantidadVenta': 7.0}",20.1,0.0,20.3,20.4,19.55,20.1,55.0,11.0,2023-12-29T13:44:48.297,,,,1,2,Exxon Mobil,T2,1,1
XP,"{'cantidadCompra': 430.0, 'precioCompra': 6183.5, 'precioVenta': 6263.5, 'cantidadVenta': 8300.0}",6265.5,0.65,6298.0,6298.0,6100.0,6265.5,235.0,6.0,2023-12-29T13:40:26.58,,,,1,1,XP INC.,T2,1,1
XPC,,0.0,0.0,0.0,0.0,0.0,0.0,0.0,0.0,2023-12-29T03:00:00.363,,,,1,2,Xp Inc.,T2,1,1
XPD,"{'cantidadCompra': 3.0, 'precioCompra': 5.55, 'precioVenta': 0.0, 'cantidadVenta': 0.0}",6.3,0.0,6.3,6.3,6.3,6.3,0.0,0.0,2023-12-29T03:00:02.56,,,,1,2,Xp Inc.,T2,1,1
XROX,"{'cantidadCompra': 2000.0, 'precioCompra': 17182.5, 'precioVenta': 17458.0, 'cantidadVenta': 2000.0}",17155.0,-1.97,17500.0,17500.0,17155.0,17155.0,10.0,4.0,2023-12-29T12:36:21.547,,,,1,1,Xerox,T2,1,1
YELP,"{'cantidadCompra': 100.0, 'precioCompra': 22237.5, 'precioVenta': 22613.0, 'cantidadVenta': 100.0}",22557.0,1.81,22557.0,22557.0,22557.0,22557.0,47.0,1.0,2023-12-29T12:20:57.757,,,,1,1,Yelp Inc,T2,1,1
YY,"{'cantidadCompra': 240.0, 'precioCompra': 7431.0, 'precioVenta': 7560.0, 'cantidadVenta': 50.0}",7589.5,6.89,7702.0,7702.0,7589.5,7589.5,24.0,2.0,2023-12-29T13:30:40.443,,,,1,1,YY Inc.,T2,1,1
YYD,,6.0,0.0,6.0,6.0,6.0,6.0,0.0,0.0,2023-12-29T03:00:03.55,,,,1,2,Yy Inc.,T2,1,1
YZCA,,0.0,0.0,0.0,0.0,0.0,0.0,0.0,0.0,2023-12-29T03:00:26.407,,,,1,1,CEDEAR YANZHOU COAL MINING CO.LIMITED,T2,1,1
YZCAC,,0.0,0.0,0.0,0.0,0.0,0.0,0.0,0.0,2023-12-29T03:00:00.727,,,,1,2,Cedear Yanzhou Coal Mining Co.Limited,T2,1,1
ZM,"{'cantidadCompra': 10.0, 'precioCompra': 1441.0, 'precioVenta': 1455.0, 'cantidadVenta': 15.0}",1466.5,-0.3,1410.0,1510.0,1410.0,1466.5,2669.0,63.0,2023-12-29T13:37:27.03,,,,1,1,Zoom Video Communications Inc.,T2,1,1
ZMC,,6.15,0.0,6.15,6.15,6.15,6.15,0.0,0.0,2023-12-29T03:00:01.53,,,,1,2,Zoom Video Communications Inc,T2,1,1
ZMD,"{'cantidadCompra': 40.0, 'precioCompra': 1.25, 'precioVenta': 1.52, 'cantidadVenta': 9.0}",1.55,0.0,1.58,1.58,1.5,1.55,0.0,0.0,2023-12-29T03:00:22.22,,,,1,2,Zoom Video Communications Inc,T2,1,1
